18469;2955;4 кв. 2012;3051;Бородинский сад;г. Клин, пр-д Бородинский, д. 17 А (2-очередь);65;Ленинградское;Московская область;46;50;Клинский район;Клинский муниципальный район;Клин;Клин;101010;проезд;Бородинский;101010;а;101010;17;101010;36.729112;56.325213;101010;3;точечная;99999;99999;1,3;Монолитные;Кирпич;Индивидуальная;99999;10;10;Многоэтажный ;СРЕДНИЙ;Нет;101010;нет;99999;ЭКОНОМ (БАЗОВАЯ ОТДЕЛКА ДЕШЕВЫМИ МАТЕРИАЛАМИ);да;нет;99999;3;101010;нет;КОНСЬЕРЖ;7196,4;99999;2392,2;2314,8;2489,4;99999;99999;99999;;99999;99999;99999;99999;44,3;41,6;47;101010;101010;64,3;58,7;69,9;101010;101010;92,2;87,9;96,5;101010;101010;;99999;99999;99999;99999;;99999;99999;99999;99999;;99999;99999;99999;99999;;;;;117;99999;54;36;27;99999;99999;99999;;1 этаж;101010;"ЗАО ""Фирма Трест""";101010;101010;101010;"ЗАО ""Фирма Трест""";;17.03.2009;RU50506000-299;101010;101010;3;Ведется;31.12.2014;99999;;4 кв. 2014;;101010;101010;99999;фз-214;101010;101010;53 000р.;54708,03019;60 000р.;53 000р.;56 000р.;56 268р.;;;;;30;20;1;9;;;;;;;;;2213;121063400;1050;55650000;77;4306400;1086;61107000;;;0;звонок;http://www.borodinsky.su/viborkvartiri/;13.12.2012;;в продаже;13.12.2012;2-комнаная последняя;http://www.borodinsky.su/viborkvartiri/;;;;;;;;;;ЖД Клин;Планерная;53 000р.;;20;;1050;55650000;;;Азбука Жилья;Инком;;;;;Россия
18470;2956;4 кв. 2012;3052;Букино;г. Лобня, мкр. Букино, ул. Борисова, д. 24 (1-очередь) ;18;Дмитровское;Московская область;46;50;Московская область;Город Лобня;Лобня;Лобня;мкр. Букино;улица;Борисова;24;101010;101010;101010;101010;37.45771;56.013034;101010;3;развитие застроенных территорий;101010;101010;101010;Монолитные;Кирпич;Индивидуальная;99999;14;14;Многоэтажный ;СРЕДНИЙ;Нет;101010;нет;99999;ЭКОНОМ (БАЗОВАЯ ОТДЕЛКА ДЕШЕВЫМИ МАТЕРИАЛАМИ);да;нет;99999;6;101010;нет;КОНСЬЕРЖ;10813,5;99999;6188,52;4625;99999;99999;99999;99999;;99999;99999;99999;99999;39,7;36,4;43;101010;101010;59,3;55,1;63,5;101010;101010;;99999;99999;99999;99999;;99999;99999;99999;99999;;99999;99999;99999;99999;;99999;99999;99999;99999;;;;;234;99999;156;78;99999;99999;99999;99999;;стилобат - 1 этаж;1295;Град-М;101010;101010;101010;Град-М;;101010;101010;101010;101010;2;Ведется;30.06.2014;99999;;2 кв. 2014;;101010;101010;101010;фз-214;101010;101010;63 000р.;63000;63 000р.;63 000р.;63 000р.;;;;;;142;94;48;;;;;;;;;;6575;414233820;3729;234925740;2846;179308080;;;;;0;звонок;http://www.bukino-lobnya.ru/planirovki-i-ceny.html;13.12.2012;;в продаже;13.12.2012;;http://www.bukino-lobnya.ru/planirovki-i-ceny.html;;;;;;;;;;ЖД Лобня;Планерная;63 000р.;;94;;3729;234925740;;;Миэль;НДВ;;;;;Россия
1787;1868;4 кв. 2012;1787;Киевский плес;г. Киев, ул. Михайловская, корп. 13;0;Киевское;Киевская обл.;15;50;Киевский;Киевский;Киев;Киев;Варварка;улица;Михайловская;101010;101010;12;101010;101010;37.275833;55.835;101010;4;комплексное освоение в целях жилищного строительства;80;1032000;101010;Монолитные;Кирпич;Индивидуальная;99999;23;25;Многоэтажный ;СРЕДНИЙ;Нет;101010;нет;99999;ЭКОНОМ (БАЗОВАЯ ОТДЕЛКА ДЕШЕВЫМИ МАТЕРИАЛАМИ);да;нет;99999;8;101010;нет;КОНСЬЕРЖ;27000;99999;5224,5;15410,5;10771,5;99999;99999;99999;;99999;99999;99999;99999;40,5;36;45;101010;101010;59,5;53;66;101010;101010;83,5;80;87;101010;101010;;99999;99999;99999;99999;;99999;99999;99999;99999;;99999;99999;99999;99999;;;;;518;99999;129;259;129;99999;99999;99999;;1 этаж;101010;ООО «СПМ-Жилстрой»;101010;101010;ООО «СПМ-Жилстрой»;Эталон-Инвест;;101010;101010;2011, август;101010;3;Ведется;30.06.2013;99999;;2 кв. 2013;;101010;101010;нет;ИНОЕ;101010;101010;78 823р.;83 287р.;87 321р.;85 818р.;83 389р.;79 613р.;;;;;357;154;151;52;;;;;;;;54;19217;1600536816;5798;497530272;9170;764651728;4250;338354816;;;нет;Шахматка 1;http://izumrudnie-holmi.ru/;10.10.2012;;в продаже;30.11.2011;;www.google.com;;;;;;;;;;Киев;Центральная;;;;;;;;;Бандера Estate;Мова;;;;;Украина
2709;2805;4 кв. 2012;2709;Донецкий парк;г. Донецк, ул. Рюмочная, корп. 3;0;Киевское;Донецкая область;32;50;Киевский;Киевский;Донецк;Донецк;101010;улица;Рюмочная;101010;101010;3;101010;101010;37.846798;55.987667;101010;1;развитие застроенных территорий;101010;101010;101010;Монолитные;Кирпич;Индивидуальная;99999;16;16;Многоэтажный ;СРЕДНИЙ;нет;3;нет;99999;ЭКОНОМ (БАЗОВАЯ ОТДЕЛКА ДЕШЕВЫМИ МАТЕРИАЛАМИ);да;НАЗЕМНЫЙ;101010;2;101010;101010;101010;6357,5;99999;2890,5;2610;857;99999;99999;99999;;99999;99999;99999;99999;35,3;34,9;35,6;101010;101010;43,5;37,3;49,7;101010;101010;85,7;85,7;85,7;101010;101010;;101010;101010;101010;101010;;101010;101010;101010;101010;;101010;101010;101010;101010;;;;;152;99999;82;60;10;99999;99999;99999;;нет;99999;"ООО ""Дубрава""";101010;101010;101010;"ООО ""Дубрава""";;101010;101010;08.10.2012;;2;Ведется;31.12.2013;99999;;4 кв. 2013;;101010;101010;ДЕТСКИЕ ДОШКОЛЬНЫЕ УЧРЕЖДЕНИЯ, ДЕТСКИЕ ПЛОЩАДКИ;фз-214;101010;101010;43 000р.;46 037р.;48 000р.;46 742р.;45 910р.;43 500р.;;;;;48;30;15;3;;;;;;;5;;2033;93603060;1057;49391860;719;33027350;257;11183850;;;;Таблица 1;http://www.azbuka-novostr.ru/homes.php?ID=63174;02.10.2012;;в продаже;25.09.2012;есть цены, но продажи не открыты;www.google.com;;;;;;;;;;Донецк;;;;;;;;;;Бандера Estate;Мова;;;;;Украина
2723;2819;4 кв. 2012;2723;Харьковские зори;г. Харьков, ул. Красная, корп. 15;0;Киевское;Харьковская область;45;50;Киевский;Киевский;Харьков;Харьков;чурки;улица;Красная;3;101010;101010;101010;101010;37.804836;55.917127;101010;3;развитие застроенных территорий;101010;101010;3,4385;Монолитные;Кирпич;Индивидуальная;99999;25;25;Многоэтажный ;СРЕДНИЙ;Нет;2,7;нет;99999;ЭКОНОМ (БАЗОВАЯ ОТДЕЛКА ДЕШЕВЫМИ МАТЕРИАЛАМИ);да;ПОДЗЕМНЫЙ;200;9;1950;нет;консьерж;30043,9;99999;15068;8657,2;6318,7;99999;99999;99999;;99999;99999;99999;99999;42,4;40;47,2;101010;101010;61;55,8;64,6;101010;101010;89;87,4;91,6;101010;101010;;99999;99999;99999;99999;;99999;99999;99999;99999;;99999;99999;99999;99999;;;;;568;99999;355;142;71;99999;99999;99999;;стилобат;5754;ООО «РУСИНВЕСТ»;101010;101010;ООО «ДСТ Строй»;ООО «РУСИНВЕСТ»;;13.07.2012;RU50302000-604;2012, октябрь;2012, февраль;3;Ведется;30.09.2014;101010;;3 кв. 2014;;101010;101010;нет;фз-214;101010;101010;68 500р.;72599,84485;76 000р.;74 060р.;73 292р.;68 836р.;;;;;483;276;138;69;;;;;;;;;26387;1915724050;11834;876389240;8415;616738100;6139;422596710;;;есть;Таблица 2;http://www.zvk.su/k1/;09.10.2012;;в продаже;09.10.2012;;www.google.com;;;;;;;;;;Харьков;Молодежная;;;;;;;;;Бандера Estate;Мова;;;;;Украина
2724;2820;4 кв. 2012;2724;;г. Львов, ул. Бендеры, корп. 20;0;Киевское;Львовская область;67;50;Киевский;Киевский;Львов;Львов;парамашки;улица;Бендеры;101010;а;3;101010;101010;37.465182;55.899965;50:10:010313:5;1;комплексное освоение в целях жилищного строительства;101010;101010;4;Монолитные;Кирпич;Индивидуальная;99999;17;17;Многоэтажный ;СРЕДНИЙ;Нет;101010;нет;99999;ЭКОНОМ (БАЗОВАЯ ОТДЕЛКА ДЕШЕВЫМИ МАТЕРИАЛАМИ);да;ПОДЗЕМНЫЙ;775;2;нет;нет;консьерж;5611,7;99999;1299,2;1723,1;2207,3;382,08;99999;99999;;99999;99999;99999;99999;46,4;46,4;46,4;44;44;61,5;61,5;61,5;57;57;78,8;76,3;79,3;73;76;191;191,04;191,04;182;182;;99999;99999;99999;99999;;99999;99999;99999;99999;382,08;191,04;191,04;191,04;86;99999;28;28;28;2;99999;99999;2;1 этаж;387;"ООО ""Недеркал""";101010;101010;"ООО ""Спецсервиспоставка""";"ООО ""Недеркал""";"ОО ""ТМА Логвинова""";28.02.2012;RU503001000-18;2012, август;2012, февраль;2;Ведется;31.12.2014;101010;;4 кв. 2014;;101010;101010;нет;фз-214;101010;101010;105 000р.;116035,3791;126 200р.;122 967р.;112 525р.;115 400р.;;;;;9;3;4;2;;;;;;;;;544;63109322;139;17116960;246;27699154;159;18293208;;;есть;Таблица 1;http://www.mig-estate.ru/novostroyki-p_bereg-1-kvartira.html;10.10.2012;;в продаже;10.10.2012;;www.yandex.ru;www.mail.ru;;;;;;;;;Львов;;;;;;;;;;Real Киев;;;;;;Украина
2736;2832;4 кв. 2012;2736;Киевский плес;г. Киев, Михайловская, корп. 14;0;Киевское;Киевская обл.;15;50;Киевский;Киевский;Киев;Киев;101010;101010;Михайловская;6;101010;101010;101010;101010;37.495448;55.546323;50:21:120311:0194;4;комплексное освоение в целях жилищного строительства;17,5;101010;101010;Монолитные;Кирпич;Индивидуальная;99999;3;3;Малоэтажный;СРЕДНИЙ;Нет;101010;нет;99999;ЭКОНОМ (БАЗОВАЯ ОТДЕЛКА ДЕШЕВЫМИ МАТЕРИАЛАМИ);да;нет;99999;0;нет;нет;нет;4362,5;99999;1551;2373,5;438;99999;99999;99999;;99999;99999;99999;99999;36,1;35,8;37,7;101010;101010;50,5;50,5;50,5;101010;101010;73;73;73;101010;101010;;99999;99999;99999;99999;;99999;99999;99999;99999;;99999;99999;99999;99999;;;;;96;99999;43;47;6;99999;99999;99999;;нет;99999;"ООО ""ПолиР М""";101010;101010;"ООО ""ГД Мастер""";"ООО ""Шатер Девелопмент""";"ООО ""Проспект Вернадского""";30.05.2012;RU50503000-418/12-р/с;2012, сентябрь;2012, октябрь;1;Ведется;31.03.2014;101010;;1 кв. 2014;;101010;101010;нет;фз-214;101010;101010;81 000р.;88261,57801;91 000р.;87 333р.;88 600р.;;;;;;53;18;35;;;;;;;;;;2412;212878100;644;56277600;1768;156600500;;;;;есть;Таблица 1;http://www.estatet.ru/catalog/butovskie_allei_jk/descr;10.10.2012;;в продаже;10.10.2012;;www.yandex.ru;www.mail.ru;;;;;;;;;Киев;Центральная;;;;;;;;;Real Киев;;;;;;Украина
5899;2;4 кв. 2012;2;Теплый Край;Академика Виноградова ул., мкр. 8В, вл. 7, корп. 10;;ЮЗАО;Москва;45;77;Теплый стан;Теплый стан;г. Москва;г. Москва;;улица;Виноградова Академика;101010;101010;10;101010;7;37,485319;55,633177;101010;101010;Комплексное освоение в целях жилищного строительства;;80000;;Монолитные;Монолит;Индивидуальная;;12;16;Многоэтажный ;Бизнес-класс;Нет;2,8;под ключ;бизнес;бизнес;неизвестно;Подземный;;10;;не указано;консьерж;23960;;2386,3;10299,9;8853,6;2418,7;;;;;;;;48,7;49,1;48,2;101010;101010;74,1;71,5;76,7;101010;101010;105,4;102,9;108;101010;101010;127,3;126,4;128,3;101010;101010;;;;99999;99999;;;;;;;;;;291;;49;139;84;19;;;;1 этаж;101010;ПИК ГК/Промстройинвест М;(495) 500-00-20;http://www.pik.ru/;ПИК;ПИК/ Промстройинвест М;;21.12.2012;RU77205000-007580;31.03.2012;31.12.2009;3;Ведется;31.03.2013;101010;;1 кв. 2013;;101010;101010;общеобразовательная школа, помещение для физкультурно-оздоровительных занятий;;101010;101010;149 000р.;162 661р.;177 000р.;162 791р.;;155 653р.;176 000р.;;;176 000р.;12;5;;5;2;;;2;;;;88;1056;171794940;273;44389830;;;515;80212470;268;47192640;;Шахматка 1;Сайт застройщика;26.11.2012;30.06.2012;в продаже;30.11.2011;;http://www.pik.ru/realty/flats/moskva/uzao/385;http://www.1dom.ru/3818/;http://www.mospromstroy.com/objects/development/akadvin/;;;;;;;;сортировочная;кропоткинская;;;;;;;;;ПИК;;;;;;Россия
5906;9;4 кв. 2012;9;Резидент 77;Алтуфьевское ш., вл. 77;;СВАО;Москва;45;77;Алтуфьевское;Алтуфьевское;г. Москва;г. Москва;;шоссе;Алтуфьевское;101010;101010;101010;101010;77;37,581389;55,877222;101010;101010;Точечная;;;1,33;Монолитные;Кирпич;Индивидуальная;;22;22;Многоэтажный ;Бизнес-класс;Нет;;нет;неизвестно;бизнес;неизвестно;Подземный;175;4;1806,7;не указано;консьерж;20365;;3874;6923,2;8384,8;;;;;;;;;50,98;48;54;101010;101010;86,5;83,2;90,2;101010;101010;104,8;100,8;108,3;101010;101010;;;;99999;99999;;;;99999;99999;;;;;;;147,9;145;150,7;244;;76;80;80;;;;8;1 этаж;101010;ДВК Недвижимость;(495) 775-32-82;http://www.dvk-group.ru/;Либракон Холдинг;ДВК Недвижимость;АСИА Моноракурс проект;19.08.2008;№RU77149000-005118;;30.06.2008;6;Завершено;101010;30.06.2011;;2 кв. 2011;;101010;101010;101010;договор купли-продажи;101010;101010;136 200р.;144 899р.;163 000р.;152 983р.;141 920р.;137 200р.;150 956р.;;140 234р.;144 828р.;14;6;4;2;1;;1;2;;;;83,8;1173;169966860;321;49092320;320;45386160;210;28839440;322;46648940;;Таблица 1;ПД, Сайт объекта;29.11.2012;30.06.2012;в продаже;30.11.2011;;http://www.rezident77.ru/;;http://www.rezident77.ru/docs/pdec.pdf;;;;;;;;грузовая;лубянка;;;;;;;;;ПИК;;;;;;Россия
5909;12;4 кв. 2012;12;Новый Арбат;Арбат Новый ул., вл. 27-29;;ЦАО;Москва;45;77;Арбат;Арбат;г. Москва;г. Москва;;улица;Арбат Новый;101010;101010;101010;101010;27-29;37,579464;55,75201;101010;101010;Точечная;;;;Монолитные;Кирпич;Индивидуальная;;13;16;Многоэтажный ;Бизнес-класс;Нет;;нет;неизвестно;бизнес;неизвестно;Подземный;230;10;;не указано;консьерж;29580;;;;2423,2;27157,2;;;;;;;;;;;99999;99999;;;;99999;99999;186,4;180,6;192,2;101010;101010;256,2;172,5;339,8;101010;101010;;;;99999;99999;;;;;;;;;;119;;;;13;106;;;;1 этаж;101010;Трест МСМ-1,ЗАО;(495) 443-44-73;http://www.m-msm1.ru;Трест МСМ-1;Трест МСМ-1;;;;;30.09.2006;6;Завершено;101010;30.06.2008;;2 кв. 2008;;101010;101010;101010;договор купли-продажи;101010;101010;404 830р.;445 884р.;482 682р.;;;439 287р.;430 377р.;467 311р.;;451 316р.;12;;;6;3;3;;6;;;;188,7;2264;1009393220;;;;;1022;449039437;1242;560353783;;Таблица 1;Сайт продавца;29.11.2012;30.06.2012;в продаже;30.11.2011;;http://www.avrealty.ru/city/home.php?SECTION_ID=&ELEMENT_ID=1865;;;;;;;;;;паячноя;кузьминки;;;;;;;;;ПИК;;;;;;Россия
5910;13;4 кв. 2012;13;;Афанасьевский Б. пер.,вл. 24-26-28;;ЦАО;Москва;45;77;Арбат;Арбат;г. Москва;г. Москва;;переулок;Афанасьевский Большой;101010;101010;101010;101010;24-26-28;37,597635;55,74988;101010;101010;Точечная;;;;Монолитные;Кирпич;Индивидуальная;;6;8;Многоэтажный ;Элитный;Нет;;нет;неизвестно;эксклюзив;неизвестно;Подземный;100;3;;да;видеонаблюдение, КПП и охрана внутренней территории;9640;;;1134,5;3426;4192,9;;;;;;;;;;;99999;99999;113,5;112,9;114;101010;101010;171,3;171,3;171,3;101010;101010;182,3;182,3;182,3;101010;101010;;;;99999;99999;;;;;;;;;;53;;;10;20;23;;;;1 этаж;101010;Констэл, ООО;101010;101010;Констэл, ООО;Констэл, ООО;;;;31.03.2011;31.03.2009;5;Завершено;30.09.2012;28.09.2012;;2 кв. 2012;30.06.2012-30.09.2012;101010;101010;101010;;101010;101010;610 000р.;879 717р.;1 005 000р.;;737 000р.;905 837р.;610 000р.;1 005 000р.;;867 820р.;6;;1;3;1;1;;2;;;;242;1452;1277437600;;;113;83133600;843;763258000;497;431046000;;Таблица 1;Сайт продавца;27.11.2012;30.06.2012;в продаже;30.11.2011;;http://www.estatet.ru/catalog/afanasevskiy_b_per_d_24_vl_26_28/flats;http://www.afanasevsky.ru/prodazha-kvartir.html;;;;;;;;;мусорочная;митино;;;;;;;;;ПИК;;;;;;Россия
5912;15;4 кв. 2012;15;Холмогоры;Холмогорская ул., вл. 2;;СВАО;Москва;45;77;Ярославское;Ярославское;г. Москва;г. Москва;;улица;Холмогорская;101010;101010;101010;101010;2;37,720278;55,882222;101010;101010;Точечная;;;;Монолитные;Монолит;Индивидуальная;;12;12;Многоэтажный ;Эконом-класс;Нет;;нет;неизвестно;эконом;неизвестно;Подземный;97;3;;не указано;консьерж;6968;;1740;4371;1315,2;;;;;;;;;58;52,6;63,3;101010;101010;70,5;69,5;71,4;101010;101010;109,6;92,5;126,6;101010;101010;;;;99999;99999;;;;99999;99999;;;;;;;;;;104;;30;62;12;;;;;1 этаж;101010;ЮИТ СитиСтрой;(499) 726-61-05;http://www.yit-moscow.ru/;ЮИТ СитиСтрой;ЮИТ СитиСтрой;;;;22.01.2010;30.09.2009;6;Завершено;101010;30.06.2011;;2 кв. 2011;;101010;101010;101010;;101010;101010;131 300р.;135 593р.;137 360р.;137 360р.;134 847р.;136 000р.;;;;;7;2;4;1;;;;;;;;74,7;523;70887896;112;15329376;316;42638520;95;12920000;;;;Таблица 1;ПД, Сайт застройщика, прозвон;23.11.2012;30.06.2012;в продаже;30.11.2011;;http://www.holm-dom.ru/;http://www.yit.ru/segments/housing/34146/48451/44522;http://www.proektservis.ru/realty/newbuild/view/663;;;;;;;;сортировочная;сокол;;;;;;;;;ПИК;;;;;;Россия
5913;16;4 кв. 2012;16;;Балаклавский пр., корп. 2АБВ;;ЮАО;Москва;45;77;Чертаново Северное;Чертаново Северное;г. Москва;г. Москва;;проспект;Балаклавский;101010;АБВ;2;101010;101010;37,591111;55,640833;101010;101010;Точечная;;;;Монолитные;Монолит;Индивидуальная;;14;25;Многоэтажный ;Средний ;Нет;;нет;неизвестно;эконом;неизвестно;Надземный;;14;;не указано;консьерж;42700;;6385,2;8889,9;11936,7;15488;;;;;;;;52,77;52,8;52,8;101010;101010;73,5;73,5;73,5;101010;101010;98,7;98,7;98,7;101010;101010;128;128;128;101010;101010;;;;99999;99999;;;;;;;128;128;128;484;;121;121;121;121;;;121;1 этаж;101010;СУ-155 ГК;(495) 668-19-91;http://www.su155.ru;СУ-155;СУ-155;;;;20.12.2009;30.09.2008;3;Ведется;31.12.2013;101010;;;3 кв. 2011-4 кв. 2012-4 кв.2013;101010;101010;101010;;101010;101010;113 000р.;117 992р.;133 000р.;;130 080р.;120 000р.;113 000р.;;;113 000р.;14;;2;7;5;;;5;;;;113,5;1589;187499690;;;148;19301340;771;92539200;670;75659150;;Таблица 1;Сайт застройщика, продавца, прозвон;21.11.2012;30.06.2012;в продаже;30.11.2011;2 кв. 2009-2 кв. 2010 заморозили стройку (?), долгострой;http://condr.ru/object/balaklavskij_prospekt_korpus_2abv_moskva_balaklavskij_prospekt_korpus_2abv/2624#costot=0&costdo=&ploshadot=&ploshaddo=&ploshaduchot=0&ploshaduchdo=&pldomot=0&pldomdo=&onpage=50&p=1&action=search&catID=5&domID=2624&s=;http://www.su155.ru/ru/sale/sale_all/?bunit=206347;;;;;;;;;грузовая;кропоткинская;;;;;;;;;ПИК;;;;;;Россия
5914;17;4 кв. 2012;17;Весна на Балтийском;Балтийский 1-й пер., вл. 6/21, корп. 1;;САО;Москва;45;77;Аэропорт;Аэропорт;г. Москва;г. Москва;;улица;Часовая;23;101010;1;101010;101010;37,521677;55,808736;101010;101010;Точечная;;;;Монолитные;Кирпич;Индивидуальная;;22;23;Многоэтажный ;Бизнес-класс;Нет;2,95;нет;неизвестно;бизнес;неизвестно;Подземный;;15;;не указано;консьерж;21710;;1991;6986,1;9335,1;;;;;;;;;46,3;39,3;53,3;101010;101010;80,3;56,2;84,4;101010;101010;107,3;71,9;122,6;101010;101010;;;;99999;99999;;;;99999;99999;;;;;;;154,3;154,3;154,3;239;;43;87;87;;;;22;1 этаж;101010;Мосфундаментстрой-6, ЗАО;(495) 777-27-77;http://www.mfs-6.ru/;Строймонолит ФС-6, ООО;Мосфундаментстрой-6, ЗАО, ГТУ МАДИ/ Альстрой, ЗАО;ЦНИИЭП жилых и общественных зданий, ОАО;;;;31.12.2005;5;Завершено;101010;31.03.2008;;1 кв. 2008;;101010;101010;101010;;101010;101010;190 169р.;192 771р.;200 164р.;;;193 541р.;190 185р.;;;190 185р.;23;;;18;5;;;5;;;;131,7;3029;583904645;;;;;2335;451839854;694;132064791;;Таблица 1;Сайт проекта;29.11.2012;30.06.2012;в продаже;30.11.2011;оформление со-сти планируется в конце 2012;http://www.vesnabalt.ru/;http://www.incom-realty.ru/sale-realty/newbuild/?id=919651&tab=4;с/offers/?t=0;;;;;;;;паячноя;лубянка;;;;;;;;;ПИК;;;;;;Россия
5915;18;4 кв. 2012;18;Весна на Балтийском;Балтийский 1-й пер., вл. 6/21, корп. 2;;САО;Москва;45;77;Аэропорт;Аэропорт;г. Москва;г. Москва;;переулок;Часовая;19;101010;3;101010;101010;37,521742;55,809857;101010;101010;Точечная;;;;Монолитные;Кирпич;Индивидуальная;;22;23;Многоэтажный ;Бизнес-класс;Нет;2,95;нет;неизвестно;бизнес;неизвестно;Подземный;;15;;не указано;консьерж;22425;;2829;8715,6;7477,8;;;;;;;;;44,2;34,9;53,4;101010;101010;80,7;57;84,4;101010;101010;113,3;112,7;113,9;101010;101010;;;;99999;99999;;;;99999;99999;;;;;;;154,6;154,6;154,6;260;;64;108;66;;;;22;1 этаж;101010;Мосфундаментстрой-6, ЗАО;(495) 777-27-77;http://www.mfs-6.ru/;СУ-10 Фундаментстрой, ЗАО;Мосфундаментстрой-6, ЗАО, ГТУ МАДИ/ Альстрой, ЗАО;ЦНИИЭП жилых и общественных зданий, ОАО;;;;31.12.2005;5;Завершено;101010;31.03.2008;;1 кв. 2008;;101010;101010;101010;;101010;101010;192 175р.;196 427р.;200 138р.;;;200 138р.;194 835р.;;;194 835р.;4;;;1;3;;;3;;;;144,2;577;113318454;;;;;173;34643888;404;78674566;;Таблица 1;Сайт проекта;29.11.2012;30.06.2012;в продаже;30.11.2011;оформление со-сти планируется в конце 2012;http://www.vesnabalt.ru/;http://www.incom-realty.ru/sale-realty/newbuild/?id=919914&p=1&sr=10&sd=1&if=1&m=&d=&ism=1&FC=&TC=&MFC=&MTC=&folding=special_metro&gp=dnbuy-search;http://www.vesnabalt.ru/offers/?t=0;;;;;;;;мусорочная;кузьминки;;;;;;;;;ПИК;;;;;;Россия
5916;19;4 кв. 2012;19;Клубная Резиденция Чистые пруды;Барашевский пер., вл. 10/1, стр. 2-5 (Подсосенский пер., д. 3);;ЦАО;Москва;45;77;Басманное;Басманное;г. Москва;г. Москва;;переулок;Барашевский;101010;101010;101010;02.май;10.янв;37,650684;55,759026;101010;101010;Точечная;;;;Монолитные;Кирпич;Индивидуальная;;3;7;Многоэтажный ;Элитный;Нет;;нет;неизвестно;эксклюзив;неизвестно;Подземный;78;1;;да;видеонаблюдение, КПП и охрана внутренней территории;4110;;300;360;1250;;;;;;;;;60;60;60;101010;101010;72;72;72;101010;101010;125;110;140;101010;101010;;;;99999;99999;;;;99999;99999;;;;;;;220;160;280;30;;5;5;10;;;;10;1 этаж;101010;Меринж, ООО;101010;101010;УС МСМ-1;Меринж, ООО;;;;31.03.2008;30.06.2007;6;Завершено;101010;31.12.2009;;4 кв. 2009;;101010;101010;101010;договор купли-продажи;101010;101010;465 000р.;924 045р.;1 086 000р.;;1 054 665р.;465 302р.;994 594р.;;;994 594р.;14;;5;1;8;;;8;;;;107,8;1509;1394569000;;;371;391597000;243;113208000;895;889764000;;Таблица 1;Сайт продавца, прозвон;28.11.2012;30.06.2012;в продаже;30.11.2011;;http://www.delight.ru/apartmentsale/houselist/3730/?_openstat=ZGlyZWN0LnlhbmRleC5ydTsyOTY4ODU3OzIzMTkzNTY2O3lhbmRleC5ydTpwcmVtaXVt;http://jiloykomplex.apmoh.ru/view-info/1/306.html;http://flat.realtor.ru/ru/house_detail/402;;;;;;;;сортировочная;митино;;;;;;;;;ПИК;;;;;;Россия
5925;28;4 кв. 2012;28;;Лечебная ул., вл. 14, стр. 1;;ВАО;Москва;45;77;Соколиная Гора;Соколиная Гора;г. Москва;г. Москва;;улица;Лечебная;101010;101010;101010;1;14;37,736837;55,789725;101010;101010;Точечная;;;;Монолитные;Кирпич;Индивидуальная;;17;17;Многоэтажный ;Эконом-класс;Нет;;нет;неизвестно;эконом;неизвестно;Подземный;168;2;;не указано;консьерж;8080;;3186,8;4891,8;;;;;;;;;;51,4;50;52,8;101010;101010;78,9;77,5;80,3;101010;101010;;;;99999;99999;;;;99999;99999;;;;99999;99999;;;;;;;;;;124;;62;62;;;;;;1 этаж;101010;Мортон ГК;(495) 921-22-71;http://www.morton.ru;Мортон;Жилстройэнерго-М/ Аэроприбор-Восход;;;;;30.09.2008;5;Завершено;101010;31.03.2011;;1 кв. 2011;4 кв. 2010-1 кв. 2011;101010;101010;101010;;101010;101010;151 500р.;151 500р.;151 500р.;151 500р.;;;;;;;1;1;;;;;;;;;;47,7;48;7226550;48;7226550;;;;;;;;Шахматка 1;ПД, Сайт застройщика;21.11.2012;30.06.2012;в продаже;30.11.2011;;http://www.morton.ru/object.php?sobj=lecheb;http://www.atlant-invest.ru/newflats/113/?a=list;;;;;;;;;грузовая;сокол;;;;;;;;;ПИК;;;;;;Россия
5927;30;4 кв. 2012;31;;Бориса Жигуленкова ул., вл. 7/9, стр. 1 ;;ВАО;Москва;45;77;Соколиная Гора;Соколиная Гора;г. Москва;г. Москва;;улица;Бориса Жигуленкова;101010;101010;101010;1;07.сен;37,733103;55,77564;101010;101010;Точечная;;;;Монолитные;Кирпич;Индивидуальная;;13;16;Многоэтажный ;Средний ;Нет;;нет;неизвестно;эконом;неизвестно;Подземный;139;4;;не указано;консьерж;15500;;2120;3169,4;2022,3;;;;;;;;;40;38,2;40,1;101010;101010;59,8;54,4;60,2;101010;101010;74,9;73,1;75;101010;101010;;;;99999;99999;;;;99999;99999;;;;;;;;;;133;;53;53;27;;;;;1 этаж;101010;Мортон ГК;(495) 921-22-71;http://www.morton.ru;ГК Мортон;ГК Мортон;;;;01.12.2010;31.12.2010;3;Ведется;31.12.2013;101010;;4 кв. 2012;4 кв. 2012-4 кв. 2013;101010;101010;101010;;101010;101010;164 000р.;166 233р.;167 000р.;166 500р.;164 659р.;167 000р.;;;;;46;38;6;2;;;;;;;;43,4;1998;332199500;1520;253080000;330;54386800;148;24732700;;;;Шахматка 1;Сайт застройщика;21.11.2012;30.06.2012;в продаже;30.11.2011;;http://www.morton.ru/object.php?sobj=jigul;;;;;;;;;;паячноя;кропоткинская;;;;;;;;;Гута;;;;;;Россия
5931;34;4 кв. 2012;35;Золотой Треугольник;Фили-Давыдково, кв-л 69, корп. 8;;ЗАО;Москва;45;77;Фили-Давыдково;Фили-Давыдково;г. Москва;г. Москва;;улица;Кастанаевская;45;101010;2;101010;101010;37,465191;55,731899;101010;101010;Комплексное освоение в целях жилищного строительства;;54600;;Панельные (сборно-железобетонные);Панель;Типовая;И-155;20;20;Многоэтажный ;Эконом-класс;Нет;;нет;неизвестно;эконом;неизвестно;Нет;;9;;не указано;консьерж;16325;;3959,6;8527,2;3838;;;;;;;;;52,1;52,1;52,1;101010;101010;74,8;74,5;75,1;101010;101010;101;101;101;101010;101010;;;;99999;99999;;;;99999;99999;;;;;;;;;;228;;76;114;38;;;;;1 этаж;101010;"СУ-155/Агенство ""Деловой Центр Жилья"", ООО ГК Конти";(495) 668-19-91;http://www.su155.ru;СУ-155;"Агенство ""Деловой Центр Жилья"", ООО ГК Конти/ ОКС СУ-155";;;;04.02.2011;30.06.2009;5;Завершено;101010;31.03.2011;;1 кв. 2011;;101010;101010;2 детских дошкольных учереждения, 2 общеобразовательные школы, амбулаторно-поликлиническое учреждение;;101010;101010;167 926р.;167 926р.;167 926р.;;167 926р.;;;;;;1;;1;;;;;;;;;71,5;71;12000000;;;71;12000000;;;;;;Таблица 1;Сайт продавца, прозвон;26.11.2012;30.06.2012;в продаже;30.11.2011;;http://www.su155.ru/ru/sale/sale_all/?bunit=503242;http://www.zolotoemesto.ru/dinamika;http://www.konti.ru/index.php?object_id=67;;;;;;;;мусорочная;лубянка;;;;;;;;;Гута;;;;;;Россия
5932;35;4 кв. 2012;36;;Нагатино-Садовники, мкр. 1, корп. 29А;;ЮАО;Москва;45;77;Нагатино-Садовники;Нагатино-Садовники;г. Москва;г. Москва;;набережная;Нагатинская;12;101010;2;101010;101010;37,64473;55,682799;101010;101010;Комплексное освоение в целях жилищного строительства;;100398;;Панельные (сборно-железобетонные);Панель;Типовая;И-155;12;20;Многоэтажный ;Эконом-класс;Нет;;нет;неизвестно;эконом;неизвестно;Нет;;32;;не указано;консьерж;29750;;9331,2;14208;5180,4;5116;;;;;;;;48,6;45,3;52;101010;101010;74;73,8;74,3;101010;101010;86,3;75;99;101010;101010;127,9;113;142,8;101010;101010;;;;99999;99999;;;;;;;;;;484;;192;192;60;40;;;;1 этаж;101010;СУ-155 ГК/Управление ФСБ по Москве и МО;(495) 668-19-91;http://www.su155.ru;СУ-155;ОКС СУ-155/ Управление ФСБ по Москве и МО;;;;;31.03.2008;5;Завершено;31.12.2011;29.12.2012;;4 кв. 2011;;101010;101010;предприятия торговли, общественного питания и бытового обслуживания повседневного пользования, детская площадка;;101010;101010;121 500р.;121 500р.;121 500р.;;;121 500р.;;;;;8;;;8;;;;;;;;100,5;804;97710300;;;;;804;97710300;;;;Таблица 1;Сайт застройщика, продавца;21.11.2012;30.06.2012;в продаже;30.11.2011;;http://www.su155.ru/ru/sale/sale_mo/?bunit=208009;;;;;;;;;;сортировочная;кузьминки;;;;;;;;;Гута;МИАН;;;;;Россия
5935;38;4 кв. 2012;39;;Новые Черемушки кв-л 10С, корп. 8;;ЮЗАО;Москва;45;77;Черемушки;Черемушки;г. Москва;г. Москва;;квартал;10С;101010;101010;8;101010;101010;37,579167;55,695;101010;101010;Развитие застроенных территорий;;41870;;Монолитные;Монолит;Индивидуальная;;26;34;Многоэтажный ;Средний ;Нет;;нет;неизвестно;эконом;неизвестно;Подземный;180;9;;не указано;консьерж;34270;;4465,7;12006;17800,2;;;;;;;;;51,3;51,3;51,3;101010;101010;69;68,4;69,6;101010;101010;102,3;101,7;102,9;101010;101010;;;;99999;99999;;;;99999;99999;;;;;;;;;;435;;87;174;174;;;;;1 этаж;101010;СУ-155 ГК;(495) 668-19-91;http://www.su155.ru;ГК СУ-155;ГК СУ-155;;;;31.03.2011;30.06.2010;3;Ведется;30.06.2012;101010;;2 кв. 2012;;101010;101010;101010;;101010;101010;190 000р.;195 845р.;205 000р.;205 000р.;190 000р.;;;;;;2;1;1;;;;;;;;;60,1;120;23521000;47;9594000;73;13927000;;;;;;Таблица 1;Сайт застройщика;21.11.2012;30.06.2012;в продаже;30.11.2011;;http://www.su155.ru/ru/sale/sale_all/?bunit=208011;;;;;;;;;;грузовая;митино;;;;;;;;;Гута;МИАН;;;;;Россия
5951;54;4 кв. 2012;55;Первый Деловой Дом;Братиславская ул., вл. 2-4;;ЮВАО;Москва;45;77;Марьино;Марьино;г. Москва;г. Москва;;улица;Братиславская;101010;101010;101010;101010;02.апр;37,753352;55,664043;101010;101010;Точечная;;;1,8;Монолитные;Кирпич;Индивидуальная;;23;23;Многоэтажный ;Средний ;Нет;;нет;неизвестно;эконом;неизвестно;Подземный;210;9;;не указано;консьерж;23558;;5772;13514,8;2937,6;2193;;;;;;;;48,1;48,1;48,1;101010;101010;59,8;52,7;66,8;101010;101010;91,8;65;118,6;101010;101010;146,2;116,6;175,7;101010;101010;;;;99999;99999;;;;;;;;;;393;;120;226;32;15;;;;1 этаж;101010;Малаб Энтерпрайзис Лимитед (Кипр)/Москапстрой, ОАО;101010;101010;Моспромстрой, ОАО, Фирма Инпредстрой, ООО;Москапстрой, ОАО;;30.11.2006;№21740;в 2009 ?;31.03.2007;6;Завершено;101010;31.03.2009;;1 кв. 2009;;101010;101010;101010;договор купли-продажи;101010;101010;106 610р.;110 063р.;120 192р.;116 362р.;109 068р.;107 990р.;;;;;25;6;13;6;;;;;;;;80,8;2019;222229000;355;41320000;1126;122789000;538;58120000;;;;Таблица 2;Сайт продавца, прозвон;28.11.2012;30.06.2012;в продаже;30.11.2011;апартаменты;http://www.osk.ru/catalog/?lang=rus&s_id=68;http://www.mir-realty.ru/baza-predlozhenij/novostrojki/pervyj-delovoj-dom/kvartiry-v;http://moy-novostroy.ru/catalog/index.php?arrFilter_pf%5Bdop_city%5D=148&arrFilter_pf%5Bdop_metro%5D=&arrFilter_pf%5Bdop_where_rail%5D=&arrFilter_pf%5Bdop_where_region%5D=3012&arrFilter_pf%5Bdop_where_district%5D=&arrFilter_pf%5Bdop_where_highway%5D=&arrFilter_pf%5Bdop_where_street%5D=&arrFilter_ff%5BNAME%5D=&arrFilter_pf%5Bproject%5D=&arrFilter_pf%5Bdop_class%5D=&arrFilter_pf%5Bprice_all%5D%5BLEFT%5D=&arrFilter_pf%5Bprice_all%5D%5BRIGHT%5D=&arrFilter_pf%5Barea_all%5D%5BLEFT%5D=&arrFilter_pf%5Barea_all%5D%5BRIGHT%5D=&arrFilter_pf%5Bfloor%5D%5BLEFT%5D=&arrFilter_pf%5Bfloor%5D%5BRIGHT%5D=&arrFilter_pf%5Brooms%5D%5BLEFT%5D=&arrFilter_pf%5Brooms%5D%5BRIGHT%5D=&arrFilter_pf%5Bkitchen%5D%5BLEFT%5D=&arrFilter_pf%5Bkitchen%5D%5BRIGHT%5D=&arrFilter_pf%5Bcondition%5D=&arrFilter_pf%5Bstatus%5D=&picture=Y&set_filter=%C8%F1%EA%E0%F2%FC&set_filter=Y#result;;;;;;;;паячноя;сокол;;;;;;;;;Гута;МИАН;;;;;Россия
5952;55;4 кв. 2012;56;Катрин Хаус;Будановой Екатерины ул., вл. 5;;ЗАО;Москва;45;77;Кунцево;Кунцево;г. Москва;г. Москва;;улица;Будановой Екатерины;101010;101010;101010;101010;5;37,427686;55,73207;101010;101010;Точечная;;;;Монолитные;Кирпич;Индивидуальная;;23;23;Многоэтажный ;Бизнес-класс;Нет;;нет;неизвестно;бизнес;неизвестно;Подземный;113;6;;не указано;консьерж;20747;;4576;6224;4862;9038,4;;;;;;;;57,2;55,8;58,6;101010;101010;77,8;76,9;78,6;101010;101010;110,5;105,3;115,6;101010;101010;188,3;146,8;229,7;101010;101010;;;;99999;99999;;;;;;;;;;252;;80;80;44;48;;;;1 этаж;101010;Кунцевская трикотажная фабрика;(495) 564-88-78;http://www.k-house.ru;Юнинова Констракшн;Кунцевская трикотажная фабрика/ альянс Инжиниринг;Моспроект-2 имени М.В. Посохина, мастерская № 5 ;11.05.2007;№3.7.1.002328  ;;30.09.2007;6;Завершено;101010;30.09.2009;;3 кв. 2009;;101010;101010;101010;договор купли-продажи;101010;101010;185 000р.;196 419р.;267 850р.;233 688р.;;201 602р.;184 998р.;;;184 998р.;7;2;;2;3;;;3;;;;112,8;790;155073000;113;26360000;;;212;42800000;464;85913000;;Шахматка 1;ПД, Сайт продавца, прозвон;29.11.2012;30.06.2012;в продаже;30.11.2011;;http://www.vsnr.ru/novostroiki/14.html;http://katrin-house.ru/contacts/;http://www.rdn-realty.ru/buy/newflats/moscow/72.html;;;;;;;;мусорочная;кропоткинская;;;;;;;;;Гута;МИАН;;;;;Россия
5956;59;4 кв. 2012;60;SKURATOV HOUSE;Бурденко ул., вл. 11;;ЦАО;Москва;45;77;Хамовники;Хамовники;г. Москва;г. Москва;;улица;Бурденко;3;101010;101010;101010;101010;37,581469;55,738474;101010;101010;Точечная;;;;Монолитные;Кирпич;Индивидуальная;;5;10;Многоэтажный ;Элитный;Нет;;под ключ;эксклюзив;эксклюзив;неизвестно;Подземный;94;3;;да;видеонаблюдение, КПП и охрана внутренней территории;5913;;;441,2;2177;3333;;;;;;;;;;;99999;99999;110,3;110,1;110,5;101010;101010;155,5;147,7;163,3;101010;101010;222,2;200,9;321,6;101010;101010;;;;99999;99999;;;;;;;;;;33;;;4;14;15;;;;1 этаж;101010;Новый дом - 94;101010;101010;Мегастрой;Новый дом - 94;Мастерская Сергея Скуратова;14.08.2009;№RU77210000-003839 ;31.03.2011;30.09.2009;5;Завершено;31.03.2012;30.06.2012;;1 кв. 2012;31.07.2011-31.03.2012;101010;101010;101010;101010;101010;101010;530 165р.;567 532р.;622 816р.;;562 304р.;570 620р.;572 927р.;562 146р.;;565 414р.;16;;2;8;2;4;;6;;;;177,2;2835;1609123529;;;221;124044182;1285;733418153;1329;751661193;;Шахматка 3;ПД, Сайт проекта, Сайт продавца, прозвон;30.11.2012;30.06.2012;в продаже;30.11.2011;;http://www.estatet.ru/catalog/burdenko_ul_vl_11/flats;http://www.burdenko11.ru/;http://www.m-stroy.org/project/;;;;;;;;сортировочная;лубянка;;;;;;;;;Гута;МИАН;;;;;Россия
5965;68;4 кв. 2012;69;Versis;Вавилова ул., вл. 69;;ЮЗАО;Москва;45;77;Ломоносовское;Ломоносовское;г. Москва;г. Москва;;улица;Вавилова;101010;101010;101010;101010;69;37,552472;55,682188;101010;101010;Точечная;;;;Монолитные;Монолит;Индивидуальная;;25;27;Многоэтажный ;Бизнес-класс;Нет;;под ключ;бизнес;бизнес;неизвестно;Подземный;425;9;3282;не указано;консьерж;28800;;2626,8;8204,1;9737;8071,1;;;;;;;;59,7;49,2;70,1;101010;101010;94,3;71,3;117,2;101010;101010;139,1;107,3;170,8;101010;101010;187,7;149,6;365,8;101010;101010;;;;99999;99999;;;;;;;;;;244;;44;87;70;43;;;;1 этаж;101010;Пересвет Инвест;(495) 789-88-88;http://www.peresvet.ru/;Альпенбау гмБх;Пересвет;;30.01.2009;№RU077150000-003325;31.03.2010;31.03.2009;3;Ведется;30.06.2013;101010;;4 кв. 2012;2 кв. 2012-4 кв. 2012-2 кв. 2013;101010;101010;101010;;101010;101010;222 000р.;238 468р.;268 000р.;264 151р.;252 413р.;238 271р.;229 569р.;;;229 569р.;34;3;8;14;9;;;9;;;;128,1;4355;1038409100;180;47520800;750;189385300;1768;421358900;1656;380144100;;Шахматка 2;ПД, Сайт застройщика;29.11.2012;30.06.2012;в продаже;30.11.2011;;http://www.versis.ru/;http://www.peresvet.ru/projectsnew/moskva/tekushie/jiloy_kompleks_dom_na_vavilova/;;;;;;;;;грузовая;кузьминки;;;;;;;;;Гута;МИАН;;;;;Россия
5966;69;4 кв. 2012;70;;Вавилова ул., вл. 81А;;ЮЗАО;Москва;45;77;Ломоносовское;Ломоносовское;г. Москва;г. Москва;;улица;Вавилова;101010;А;101010;101010;81;37,546228;55,679545;101010;101010;Точечная;;;;Монолитные;Кирпич;Индивидуальная;;2;13;Многоэтажный ;Бизнес-класс;Нет;;под ключ;бизнес;бизнес;неизвестно;Подземный;202;10;;не указано;консьерж;16000;;379;3049,2;6453,8;7092;;;;;;;;75,8;71;82,5;101010;101010;108,9;105;111,3;101010;101010;140,3;130;143,8;101010;101010;177,3;137,8;216,7;101010;101010;;;;99999;99999;;;;;;;;;;119;;5;28;46;40;;;;1 этаж;101010;ЭСТА;(499) 132-88-27;http://www.oooesta.ru;Техстрой;ЭСТА;Априори-А;;;;31.03.2008;5;Завершено;31.12.2011;31.12.2011;;4 кв. 2012;4 кв. 2009-2 кв. 2011 - 31.12.2011;101010;101010;101010;;101010;101010;200 000р.;213 499р.;221 335р.;200 000р.;;221 335р.;;;;;2;1;;1;;;;;;;2;108,9;218;46500000;80;16000000;;;138;30500000;;;;Шахматка 1;ПД, Сайт продавца;11.12.2012;30.06.2012;в продаже;30.11.2011;соб-сть будет в сент-окт. 2012;http://www.oooesta.ru/Proektnaa_deklaracia.html;http://www.adva.info/index.php?page=10&si_id=47&house_id=65;http://www.mian.ru/Moscow/Base/Info.aspx?ObjID=117821&spylog=dprn;;;;;;;;паячноя;митино;;;;;;;;;Гута;МИАН;;;;;Россия
5967;70;4 кв. 2012;71;;Ватутина ул., вл. 9;;ЗАО;Москва;45;77;Кунцево;Кунцево;г. Москва;г. Москва;;улица;Ватутина;101010;101010;101010;101010;9;37,454675;55,721284;101010;101010;Точечная;;;;Монолитные;Кирпич;Индивидуальная;;22;22;Многоэтажный ;Бизнес-класс;Нет;;под ключ;бизнес;бизнес;неизвестно;Подземный;;8;;не указано;консьерж;10325;;4636,8;6669,6;9340,8;;;;;;;;;55,2;55,2;55,2;101010;101010;79,4;79,4;79,4;101010;101010;111,2;111,2;111,2;101010;101010;;;;99999;99999;;;;99999;99999;;;;;;;;;;126;;42;42;42;;;;;1 этаж;101010;Мосстроймеханизация-5;(495) 785-16-41;http://www.msm-5.ru/;МСМ-5;МСМ-5;Стройтэкс;;;;30.09.2006;6;Завершено;101010;31.12.2009;;4 кв. 2009;;101010;101010;101010;договор купли-продажи;101010;101010;157 738р.;157 738р.;157 738р.;;;157 738р.;;;;;2;;;2;;;;;;;;103,3;207;32572887;;;;;207;32572887;;;;Таблица 1;Сайт продавца, прозвон;29.11.2012;30.06.2012;в продаже;30.11.2011;;http://www.trest1991.ru/cgi-bin/Object/Newhous/user_show.pl?id=414;http://www.azbuka-novostr.ru/homes.php?ID=43509;;;;;;;;;мусорочная;сокол;;;;;;;;;Гута;МИАН;;;;;Россия
5974;77;4 кв. 2012;78;Академия Люкс;Вернадского пр., вл. 84, корп. 1;;ЗАО;Москва;45;77;Тропарево-Никулино;Тропарево-Никулино;г. Москва;г. Москва;;улица;Покрышкина ;8;101010;1;101010;101010;37,472147;55,665271;101010;101010;Комплексное освоение в целях жилищного строительства;;121860;;Монолитные;Кирпич;Индивидуальная;;11;15;Многоэтажный ;Бизнес-класс;Нет;3,1;нет;неизвестно;бизнес;неизвестно;Подземный;1000;8;;не указано;консьерж;31315;;2846,4;7526,4;20940;;;;;;;;;59,3;54;64,6;101010;101010;89,6;77,4;101,9;101010;101010;139,6;110,1;169,2;101010;101010;;;;99999;99999;;;;99999;99999;;;;;;;;;;282;;48;84;150;;;;;1 этаж;101010;Проминдустрия АГ;(499) 503-59-59;http://www.prind.ru;Strabag AG;Проминдустрия АГ;;;;03.08.2008;30.06.2006;6;Завершено;101010;30.09.2009;;3 кв. 2009;;101010;101010;детское дошкольное учреждение, детская площадка, предприятия торговли, общественного питания и бытового обслуживания повседневного пользования;договор купли-продажи;101010;101010;173 153р.;173 153р.;173 153р.;;;173 153р.;;;;;1;;;1;;;;;;;;119,5;119;20690017;;;;;119;20690017;;;;Таблица 1;Сайт застройщика, проекта;29.11.2012;30.06.2012;в продаже;30.11.2011;;http://www.academy-lux.ru/index.html;http://www.estatet.ru/catalog/akademija_lyuks/flats;;;;;;;;;сортировочная;кропоткинская;;;;;;;;;Гута;МИАН;;;;;Россия
5975;78;4 кв. 2012;79;Академия Люкс;Вернадского пр., вл. 84, корп. 2;;ЗАО;Москва;45;77;Тропарево-Никулино;Тропарево-Никулино;г. Москва;г. Москва;;улица;Покрышкина ;8;101010;2;101010;101010;37,470097;55,665726;101010;101010;Комплексное освоение в целях жилищного строительства;;121860;;Монолитные;Кирпич;Индивидуальная;;24;24;Многоэтажный ;Бизнес-класс;Нет;3,1;нет;неизвестно;бизнес;неизвестно;Подземный;1000;15;;не указано;консьерж;64135;;6819,5;12364,8;44951,2;;;;;;;;;59,3;54;64,6;101010;101010;89,6;77,4;101,9;101010;101010;139,6;110,1;169,2;101010;101010;;;;99999;99999;;;;99999;99999;;;;;;;;;;575;;115;138;322;;;;;1 этаж;101010;Проминдустрия АГ;(499) 503-59-59;http://www.prind.ru;Strabag AG;Проминдустрия АГ;;;;03.08.2008;30.06.2006;6;Завершено;101010;30.09.2009;;3 кв. 2009;;101010;101010;детское дошкольное учреждение, детская площадка, предприятия торговли, общественного питания и бытового обслуживания повседневного пользования;договор купли-продажи;101010;101010;172 014р.;177 394р.;190 240р.;;190 240р.;174 852р.;;;;;5;;1;4;;;;;;;;119,6;598;106049415;;;99;18786210;499;87263205;;;;Таблица 1;Сайт застройщика, проекта;29.11.2012;30.06.2012;в продаже;30.11.2011;;http://www.academy-lux.ru/index.html;http://www.estatet.ru/catalog/akademija_lyuks/flats;;;;;;;;;грузовая;лубянка;;;;;;;;;Гута;МИАН;;;;;Россия
5976;79;4 кв. 2012;80;Академия Люкс;Вернадского пр., вл. 84, корп. 3;;ЗАО;Москва;45;77;Тропарево-Никулино;Тропарево-Никулино;г. Москва;г. Москва;;улица;Покрышкина ;8;101010;3;101010;101010;37,471192;55,666559;101010;101010;Комплексное освоение в целях жилищного строительства;;121860;;Монолитные;Кирпич;Индивидуальная;;10;16;Многоэтажный ;Бизнес-класс;Нет;3,1;нет;неизвестно;бизнес;неизвестно;Подземный;1000;8;;не указано;консьерж;26410;;4091,7;6540,8;15774,8;;;;;;;;;59,3;54;64,6;101010;101010;89,6;77,4;101,9;101010;101010;139,6;110,1;169,2;101010;101010;;;;99999;99999;;;;99999;99999;;;;;;;;;;255;;69;73;113;;;;;1 этаж;101010;Проминдустрия АГ;(499) 503-59-59;http://www.prind.ru;Strabag AG;Проминдустрия АГ;;;;03.08.2008;30.06.2006;6;Завершено;101010;30.09.2009;;3 кв. 2009;;101010;101010;детское дошкольное учреждение, детская площадка, предприятия торговли, общественного питания и бытового обслуживания повседневного пользования;договор купли-продажи;101010;101010;159471;175 876р.;226633;226633;;159471;;;;;2;1;;1;;;;;;;;112;223,9;39378628;55;12394580;;;169;26984048;;;;Таблица 1;Сайт застройщика, проекта;11.12.2012;30.06.2012;в продаже;30.11.2011;;http://www.academy-lux.ru/index.html;http://www.estatet.ru/catalog/akademija_lyuks/flats;;;;;;;;;паячноя;кузьминки;;;;;;;;;Гута;МИАН;;;;;Россия
5982;85;4 кв. 2012;86;На Вешняковской/ Вешняки;Вешняковская ул., вл. 25-27;;ВАО;Москва;45;77;Вешняки;Вешняки;г. Москва;г. Москва;;улица;Вешняковская;101010;101010;101010;101010;25-27;37,83;55,725833;101010;101010;Точечная;;;;Монолитные;Кирпич;Индивидуальная;;22;22;Многоэтажный ;Средний ;Нет;;нет;неизвестно;эконом;неизвестно;Подземный;198;4;;не указано;консьерж;9960;;1375,2;3171;5411,1;;;;;;;;;57,3;57,3;57,3;101010;101010;75,5;75,5;75,5;101010;101010;106,1;97,7;114,4;101010;101010;;;;99999;99999;;;;99999;99999;;;;;;;;;;117;;24;42;51;;;;;1 этаж;101010;Галс Девелопмент/Промсервисрезерв;(495) 589-22-22;http://hals-development.ru/;Промсервисрезерв;Система Галлс, ОАО;;;;01.09.2010;30.09.2009;4;Ведется;30.09.2012;101010;;4 кв. 2011;4 кв. 2011-3 кв. 2012;101010;101010;101010;ЖСК;101010;101010;130 000р.;131 114р.;137 000р.;137 000р.;;130 000р.;;;;;4;1;;3;;;;;;;;87,2;349;45706500;56;7603500;;;293;38103000;;;;Текст;Сайт продавца, прозвон;28.11.2012;30.06.2012;в продаже;30.11.2011;;http://bestcon.ru/objects/veshn/;;;;;;;;;;мусорочная;митино;;;;;;;;;Гута;МИАН;;;;;Россия
5988;91;4 кв. 2012;92;Зодиак;Волоколамское ш., вл. 80-84, корп. 1 (Сосновая аллея, д.1);;СЗАО;Москва;45;77;Покровское-Стрешнево;Покровское-Стрешнево;г. Москва;г. Москва;;улица;Сосновая аллея;1;101010;101010;101010;101010;37,462778;55,819722;101010;101010;Комплексное освоение в целях жилищного строительства;1,5;43355;;Монолитные;Кирпич;Индивидуальная;;24;24;Многоэтажный ;Бизнес-класс;Нет;;нет;неизвестно;бизнес;неизвестно;Подземный;453;4;;не указано;видеонаблюдение, КПП и охрана внутренней территории;13652;;1184;1371,2;6380;4887;;;;;;;;59,2;57;61,3;101010;101010;85,7;83,5;87,9;101010;101010;116;99,4;132,5;101010;101010;162,9;143;212,9;101010;101010;;;;99999;99999;;;;;;;;;;121;;20;16;55;30;;;;1 этаж;101010;АФИНА ООО/ ФСК Лидер;(495) 995-88-80;http://fsk-lider.ru/;МСУ-1;АФИНА/ ФСК Лидер;ДПМ-инжиниринг;;;01.10.2008;30.09.2008;6;Завершено;101010;20.01.2011;;4 кв. 2010;4 кв.2010-1 кв.2011;101010;101010;детское дошкольное учреждение (50), помещение для физкультурно-оздоровительных занятий, детская площадка, предприятия торговли, общественного питания и бытового обслуживания повседневного пользования, амбулаторно-поликлинические учреждения;договор купли-продажи;101010;101010;170 000р.;180 530р.;195 000р.;;;;170 000р.;195 000р.;;180 530р.;2;;;;1;1;;2;;;;193,5;387;69865000;;;;;;;387;69865000;;Таблица 5;ПД, Сайт объекта, продавца;29.11.2012;30.06.2012;в продаже;30.11.2011;;http://www.domzodiak.ru/map/;http://www.atlant-realty.ru/site.php?id=3&build_id=55;http://www.1dom.ru/3570/;;;;;;;;сортировочная;сокол;;;;;;;;;Гута;МИАН;;;;;Россия
5989;92;4 кв. 2012;93;Зодиак;Волоколамское ш., вл. 80-84, корп. 2;;СЗАО;Москва;45;77;Покровское-Стрешнево;Покровское-Стрешнево;г. Москва;г. Москва;;шоссе;Волоколамское;101010;101010;2;101010;80-84;37,462778;55,819722;101010;101010;Комплексное освоение в целях жилищного строительства;1,5;43355;;Монолитные;Кирпич;Индивидуальная;;28;28;Многоэтажный ;Бизнес-класс;Нет;;нет;неизвестно;бизнес;неизвестно;Подземный;453;4;;не указано;видеонаблюдение, КПП и охрана внутренней территории;16051;;1420,8;1542,6;7424;5864,4;;;;;;;;59,2;57;61,3;101010;101010;85,7;83,5;87,9;101010;101010;116;99,4;132,5;101010;101010;162,9;143;212,9;101010;101010;;;;99999;99999;;;;;;;;;;142;;24;18;64;36;;;;1 этаж;101010;АФИНА ООО/ ФСК Лидер;(495) 995-88-80;http://fsk-lider.ru/;МСУ-1;АФИНА/ ФСК Лидер;ДПМ-инжиниринг;;;01.10.2008;30.09.2008;6;Завершено;101010;20.01.2011;;4 кв. 2010;4 кв.2010-1 кв.2011;101010;101010;детское дошкольное учреждение (50), помещение для физкультурно-оздоровительных занятий, детская площадка, предприятия торговли, общественного питания и бытового обслуживания повседневного пользования, амбулаторно-поликлинические учреждения;договор купли-продажи;101010;101010;195 000р.;202 440р.;250 000р.;250 000р.;;195 000р.;210 000р.;200 000р.;;202 275р.;6;1;;2;1;2;;3;;;;169,8;1019;206225500;56;13925000;;;342;66748500;621;125552000;;Таблица 5;ПД, Сайт объекта, продавца;29.11.2012;30.06.2012;в продаже;30.11.2011;;http://www.domzodiak.ru/map/;http://www.atlant-realty.ru/site.php?id=3&build_id=55;http://www.1dom.ru/3570/;;;;;;;;грузовая;кропоткинская;;;;;;;;;Велес;МИЭЛЬ;;;;;Россия
5990;93;4 кв. 2012;94;Зодиак;Волоколамское ш., вл. 80-84, корп. 3;;СЗАО;Москва;45;77;Покровское-Стрешнево;Покровское-Стрешнево;г. Москва;г. Москва;;шоссе;Волоколамское;101010;101010;3;101010;80-84;37,462778;55,819722;101010;101010;Комплексное освоение в целях жилищного строительства;1,5;43355;;Монолитные;Кирпич;Индивидуальная;;24;24;Многоэтажный ;Бизнес-класс;Нет;;нет;неизвестно;бизнес;неизвестно;Подземный;453;4;;не указано;видеонаблюдение, КПП и охрана внутренней территории;13652;;1184;1371,2;6380;4887;;;;;;;;59,2;57;61,3;101010;101010;85,7;83,5;87,9;101010;101010;116;99,4;132,5;101010;101010;162,9;143;212,9;101010;101010;;;;99999;99999;;;;;;;;;;121;;20;16;55;30;;;;1 этаж;101010;АФИНА ООО/ ФСК Лидер;(495) 995-88-80;http://fsk-lider.ru/;МСУ-1;АФИНА/ ФСК Лидер;ДПМ-инжиниринг;;;01.10.2008;30.09.2008;6;Завершено;101010;20.01.2011;;4 кв. 2010;4 кв.2010-1 кв.2011;101010;101010;детское дошкольное учреждение (50), помещение для физкультурно-оздоровительных занятий, детская площадка, предприятия торговли, общественного питания и бытового обслуживания повседневного пользования, амбулаторно-поликлинические учреждения;договор купли-продажи;101010;101010;210 000р.;214 803р.;223 010р.;;;220 955р.;210 000р.;;;210 000р.;6;;;3;3;;;3;;;;130,7;784;168405305;;;;;344;75942305;440;92463000;;Таблица 5;ПД, Сайт объекта, продавца;29.11.2012;30.06.2012;в продаже;30.11.2011;;http://www.domzodiak.ru/map/;http://www.atlant-realty.ru/site.php?id=3&build_id=55;http://www.1dom.ru/3570/;;;;;;;;паячноя;пролетарская;;;;;;;;;Велес;МИЭЛЬ;;;;;Россия
6007;110;4 кв. 2012;111;Дом на Гиляровского;Гиляровского ул., вл. 55, корп. 1;;ЦАО;Москва;45;77;Мещанское;Мещанское;г. Москва;г. Москва;;улица;Гиляровского;101010;101010;1;101010;55;37,632343;55,78657;101010;101010;Точечная;;;;Кирпичные;Кирпич;Индивидуальная;;3;7;Многоэтажный ;Элитный;Нет;;нет;неизвестно;эксклюзив;неизвестно;Подземный;62;3;;да;видеонаблюдение, КПП и охрана внутренней территории;4870;;196;354;2240;2080;;;;;;;;49;49;49;101010;101010;88,5;88,5;88,5;101010;101010;140;130;150;101010;101010;208;137,8;278,1;101010;101010;;;;99999;99999;;;;;;;;;;34;;4;4;16;10;;;;1 этаж;101010;Трансгидрострой, ООО;101010;101010;Стройсити;Трансгидрострой;Мастерская архитектора В.М. Гинзбурга;;;;30.06.2006;6;Завершено;101010;30.09.2009;;3 кв. 2009;3 кв. 2008-3 кв.2009;101010;101010;101010;договор купли-продажи;101010;101010;316 000р.;360 408р.;405 000р.;405 010р.;;;353 374р.;;;353 374р.;3;1;;;2;;;2;;;;126,5;380;136775000;52;20939000;;;;;328;115836000;;Таблица 1;Сайт продавца;28.11.2012;30.06.2012;в продаже;30.11.2011;;http://www.estatet.ru/catalog/giljarovskogo_55/descr;http://jiloykomplex.apmoh.ru/view-info/2/8.html ;;;;;;;;;мусорочная;медведково;;;;;;;;;Велес;МИЭЛЬ;;;;;Россия
6021;124;4 кв. 2012;125;Дом в Богородском;Гражданская 3-я ул., вл. 3;;ВАО;Москва;45;77;Богородское;Богородское;г. Москва;г. Москва;;улица;Гражданская 3-я;101010;101010;101010;101010;3;37,705;55,813333;101010;101010;Точечная;;;;Монолитные;Кирпич;Индивидуальная;;9;22;Многоэтажный ;Бизнес-класс;Нет;3,3;нет;неизвестно;бизнес;неизвестно;Подземный;126;9;;не указано;консьерж;20500;;3985,8;5392,8;11452,8;;;;;;;;;54,6;48,6;60,6;101010;101010;74,9;69,7;80,1;101010;101010;119,3;98,1;140,4;101010;101010;;;;99999;99999;;;;99999;99999;;;;;;;;;;241;;73;72;96;;;;;1 этаж;101010;Инкомспецстрой;101010;101010;Инкомспецстрой;Инкомспецстрой;;;;;31.03.2008;6;Завершено;101010;30.06.2009;;2 кв. 2009;;101010;101010;101010;договор купли-продажи;101010;101010;135 563р.;161 238р.;186 078р.;178 571р.;186 078р.;175 598р.;;135 563р.;;135 563р.;5;1;1;2;;1;;1;;;;110,5;553;89100000;48;8500000;75;13900000;209;36700000;221;30000000;;Таблица 1;Сайт застройщика, прозвон;29.11.2012;30.06.2012;в продаже;30.11.2011;;http://isst.ru/v_moskve/gr;http://www.incom-realty.ru/sale-realty/newbuild/?id=909515&tab=4;http://city-h.ru/new/content.php?id=_3yagra_____01;;;;;;;;сортировочная;петровско-разумовская;;;;;;;;;Велес;МИЭЛЬ;;;;;Россия
6022;125;4 кв. 2012;126;Гранатный 6;Гранатный пер., вл. 6-8;;ЦАО;Москва;45;77;Пресненское;Пресненское;г. Москва;г. Москва;;переулок;Гранатный;101010;101010;101010;101010;06.авг;37,59177;55,759995;101010;101010;Точечная;;;;Монолитные;Кирпич;Индивидуальная;;4;9;Многоэтажный ;Элитный;Нет;;нет;неизвестно;эксклюзив;неизвестно;Подземный;82;3;;да;видеонаблюдение, КПП и охрана внутренней территории;10120;;;;;10119,6;;;;;;;;;;;99999;99999;;;;99999;99999;;;;99999;99999;374,8;148,6;831,5;101010;101010;;;;99999;99999;;;;;;;;;;27;;;;;27;;;;1 этаж;101010;Сканклин-Инвест, ООО;101010;101010;ФОДД, ЗАО;Сканклин-Инвест, ООО;Архитектурное бюро «Сергей Чобан и партнёры», ООО;26.12.2007;№RU77181000-001599;;31.03.2008;6;Завершено;101010;31.12.2010;;4 кв. 2010;;101010;101010;101010;договор купли-продажи;101010;101010;728 000р.;1 022 666р.;1 276 000р.;;;;906 113р.;;1 115 683р.;1 022 666р.;3;;;;2;;1;3;;;;449,9;1350;1380395000;;;;;;;1350;1380395000;;Таблица 1;Сайт проекта, продавца;28.11.2012;30.06.2012;в продаже;30.11.2011;;http://www.granatny6.ru/;http://www.estatet.ru/catalog/granatny_6/flats;http://www.kfs-group.ru/#projects/estate/item7.html;;;;;;;;грузовая;пролетарская;;;;;;;;;Велес;;;;;;Россия
6025;128;4 кв. 2012;129;Четыре Ветра / 4 WINDS;Грузинская Большая ул., вл. 69-71, корп. Б;;ЦАО;Москва;45;77;Тверское;Тверское;г. Москва;г. Москва;;улица;Грузинская Большая;101010;Б;101010;101010;69-71;37,585833;55,774167;101010;101010;Точечная;;;;Монолитные;Монолит;Индивидуальная;;9;9;Многоэтажный ;Элитный;Нет;;нет;неизвестно;эксклюзив;неизвестно;Подземный;321;5;;да;видеонаблюдение, КПП и охрана внутренней территории;8660;;;;6167,4;2568;;;;;;;;;;;99999;99999;;;;99999;99999;162,3;125;199,6;101010;101010;214;184;265,1;101010;101010;;;;99999;99999;;;;;;;;;;50;;;;38;12;;;;1 этаж;101010;AFI Development, Снегири;(495) 796-99-88;http://www.afi-development.ru/;Савант Интернешнл;AFI Development, Снегири;Моспроект-2, Рэйзен Констракшн;;;;30.09.2005;6;Завершено;101010;31.03.2009;;1 кв. 2009;;101010;101010;101010;договор купли-продажи;101010;101010;450 000р.;472 268р.;496 000р.;;;496 323р.;449 790р.;;;449 790р.;2;;;1;1;;;1;;;;179,9;360;169922000;;;;;174;86261000;186;83661000;;Таблица 1;Сайт застройщика, продавца;28.11.2012;30.06.2012;в продаже;30.11.2011;;http://www.snegiri.com/portfolio/moscow/ongoing/four_winds_ii/;http://www.estatet.ru/catalog/chetire_vetra_four_winds/flats;;;;;;;;;паячноя;медведково;;;;;;;;;Азбука Жилья;;;;;;Россия
6031;134;4 кв. 2012;135;Итальянский Квартал;Долгоруковская ул., вл. 21/ Фадеева ул., д. 4, корп. А (Верона);;ЦАО;Москва;45;77;Тверское;Тверское;г. Москва;г. Москва;;улица;Долгоруковская;101010;А;101010;101010;21;37,601678;55,77479;101010;101010;Комплексное освоение в целях жилищного строительства;2,5;41666;;Монолитные;Кирпич;Индивидуальная;;10;10;Многоэтажный ;Элитный;Нет;;нет;неизвестно;эксклюзив;неизвестно;Подземный;710;2;508;да;видеонаблюдение, КПП и охрана внутренней территории;2934;;341,4;550,2;1149,3;911,5;;;;;;;;56,9;50,6;60,6;101010;101010;78,6;60,4;97,2;101010;101010;127,7;77,6;197,9;101010;101010;182,3;120,5;311;101010;101010;;;;99999;99999;;;;;;;;;;27;;6;7;9;5;;;;1 этаж;101010;Слиго Трейдинг Ко Лимитед (Республика Кипр);(495) 280-00-28;http://www.2800028.ru/;Монолит Капиталстрой;Слиго Трейдинг Ко Лимитед (Республика Кипр)/ МСИФ «БАЗАЛЬТ»;ЛенПолпроект;01.07.2009;№RU77203000-003718;;31.03.2009;4;Ведется;31.03.2012;101010;;1 кв. 2012;1 кв. 2012-3 кв. 2012;101010;101010;помещение для физкультурно-оздоровительных занятий, детская площадка, предприятия торговли, общественного питания и бытового обслуживания повседневного пользования, эксклюзивные объекты;ФЗ-214;101010;101010;375 548р.;545 221р.;716 303р.;;;465 541р.;554 802р.;;;554 802р.;4;;;1;3;;;3;;;;177,5;710;387052354;;;;;76;35474245;634;351578109;;Таблица 1;ПД, Сайт проекта, продавца;30.11.2012;30.06.2012;в продаже;30.11.2011;;http://www.italkvartal.ru/;http://www.estatet.ru/catalog/italjanskiy_kvartal/descr;;;;;;;;;мусорочная;петровско-разумовская;;;;;;;;;Азбука Жилья;;;;;;Россия
6034;137;4 кв. 2012;138;Итальянский Квартал;Долгоруковская ул., вл. 21/ Фадеева ул., д. 4, корп. В (Турин);;ЦАО;Москва;45;77;Тверское;Тверское;г. Москва;г. Москва;;улица;Долгоруковская;101010;В;101010;101010;21;37,601678;55,77479;101010;101010;Комплексное освоение в целях жилищного строительства;2,5;41666;;Монолитные;Кирпич;Индивидуальная;;10;10;Многоэтажный ;Элитный;Нет;;нет;неизвестно;эксклюзив;неизвестно;Подземный;710;2;562;да;видеонаблюдение, КПП и охрана внутренней территории;3249;;284,5;235,8;1021,6;1640,7;;;;;;;;56,9;50,6;60,6;101010;101010;78,6;60,4;97,2;101010;101010;127,7;77,6;197,9;101010;101010;182,3;120,5;311;101010;101010;;;;99999;99999;;;;;;;;;;25;;5;3;8;9;;;;1 этаж;101010;Слиго Трейдинг Ко Лимитед (Республика Кипр);(495) 280-00-28;http://www.2800028.ru/;Монолит Капиталстрой;Слиго Трейдинг Ко Лимитед (Республика Кипр)/ МСИФ «БАЗАЛЬТ»;ЛенПолпроект;01.07.2009;№RU77203000-003718;;31.03.2009;4;Ведется;31.03.2012;101010;;1 кв. 2012;1 кв. 2012-3 кв. 2012;101010;101010;помещение для физкультурно-оздоровительных занятий, детская площадка, предприятия торговли, общественного питания и бытового обслуживания повседневного пользования, эксклюзивные объекты;ФЗ-214;101010;101010;340 591р.;442 335р.;608 189р.;;;488 696р.;442 968р.;474 762р.;399 951р.;434 439р.;14;;;3;2;4;5;11;;;;185,2;2592;1146575806;;;;;377;184335998;2215;962239808;;Таблица 1;ПД, Сайт проекта, продавца;30.11.2012;30.06.2012;в продаже;30.11.2011;;http://www.italkvartal.ru/;http://www.estatet.ru/catalog/italjanskiy_kvartal/descr;;;;;;;;;сортировочная;пролетарская;;;;;;;;;Азбука Жилья;;;;;;Россия
6036;139;4 кв. 2012;140;Итальянский Квартал;Долгоруковская ул., вл. 21/ Фадеева ул., д. 4, корп. Г (Флоренция);;ЦАО;Москва;45;77;Тверское;Тверское;г. Москва;г. Москва;;улица;Долгоруковская;101010;Г;101010;101010;21;37,601678;55,77479;101010;101010;Комплексное освоение в целях жилищного строительства;2,5;41666;;Монолитные;Кирпич;Индивидуальная;;10;10;Многоэтажный ;Элитный;Нет;;нет;неизвестно;эксклюзив;неизвестно;Подземный;710;2;844;да;видеонаблюдение, КПП и охрана внутренней территории;4877;;;393;893,9;3463,7;;;;;;;;;;;99999;99999;78,6;60,4;97,2;101010;101010;127,7;77,6;197,9;101010;101010;182,3;120,5;311;101010;101010;;;;99999;99999;;;;;;;;;;31;;;5;7;19;;;;1 этаж;101010;Слиго Трейдинг Ко Лимитед (Республика Кипр);(495) 280-00-28;http://www.2800028.ru/;Монолит Капиталстрой;Слиго Трейдинг Ко Лимитед (Республика Кипр)/ МСИФ «БАЗАЛЬТ»;ЛенПолпроект;01.07.2009;№RU77203000-003718;;31.03.2009;4;Ведется;31.03.2012;101010;;1 кв. 2012;1 кв. 2012-3 кв. 2012;101010;101010;помещение для физкультурно-оздоровительных занятий, детская площадка, предприятия торговли, общественного питания и бытового обслуживания повседневного пользования, эксклюзивные объекты;ФЗ-214;101010;101010;771 424р.;919 703р.;1 019 390р.;;;;;919 703р.;;919 703р.;2;;;;;2;;2;;;;242,7;485;446331854;;;;;;;485;446331854;;Таблица 1;ПД, Сайт проекта, продавца;30.11.2012;30.06.2012;в продаже;30.11.2011;;http://www.italkvartal.ru/;http://www.estatet.ru/catalog/italjanskiy_kvartal/descr;;;;;;;;;грузовая;медведково;;;;;;;;;Азбука Жилья;;;;;;Россия
6037;140;4 кв. 2012;141;Итальянский Квартал;Долгоруковская ул., вл. 21/ Фадеева ул., д. 4, корп. Д (Генуя);;ЦАО;Москва;45;77;Тверское;Тверское;г. Москва;г. Москва;;улица;Долгоруковская;101010;Д;101010;101010;21;37,601678;55,77479;101010;101010;Комплексное освоение в целях жилищного строительства;2,5;41666;;Монолитные;Кирпич;Индивидуальная;;10;10;Многоэтажный ;Элитный;Нет;;нет;неизвестно;эксклюзив;неизвестно;Подземный;710;2;536;да;видеонаблюдение, КПП и охрана внутренней территории;3100;;170,7;393;255,4;2187,6;;;;;;;;56,9;50,6;60,6;101010;101010;78,6;60,4;97,2;101010;101010;127,7;77,6;197,9;101010;101010;182,3;120,5;311;101010;101010;;;;99999;99999;;;;;;;;;;22;;3;5;2;12;;;;1 этаж;101010;Слиго Трейдинг Ко Лимитед (Республика Кипр);(495) 280-00-28;http://www.2800028.ru/;Монолит Капиталстрой;Слиго Трейдинг Ко Лимитед (Республика Кипр)/ МСИФ «БАЗАЛЬТ»;ЛенПолпроект;01.07.2009;№RU77203000-003718;;31.03.2009;4;Ведется;31.03.2012;101010;;1 кв. 2012;1 кв. 2012-3 кв. 2012;101010;101010;помещение для физкультурно-оздоровительных занятий, детская площадка, предприятия торговли, общественного питания и бытового обслуживания повседневного пользования, эксклюзивные объекты;ФЗ-214;101010;101010;355 668р.;488 836р.;702 603р.;;;447 118р.;482 135р.;445 219р.;546 330р.;491 195р.;13;;;1;3;5;4;12;;;;184,1;2394;1170224392;;;;;128;57275824;2266;1112948568;;Таблица 1;ПД, Сайт проекта, продавца;30.11.2012;30.06.2012;в продаже;30.11.2011;;http://www.italkvartal.ru/;http://www.estatet.ru/catalog/italjanskiy_kvartal/descr;;;;;;;;;паячноя;петровско-разумовская;;;;;;;;;Азбука Жилья;;;;;;Россия
6039;142;4 кв. 2012;143;Итальянский Квартал;Долгоруковская ул., вл. 21/ Фадеева ул., д. 4, корп. Е (Милан);;ЦАО;Москва;45;77;Тверское;Тверское;г. Москва;г. Москва;;улица;Долгоруковская;101010;Е;101010;101010;21;37,601678;55,77479;101010;101010;Комплексное освоение в целях жилищного строительства;2,5;41666;;Монолитные;Кирпич;Индивидуальная;;10;10;Многоэтажный ;Элитный;Нет;;нет;неизвестно;эксклюзив;неизвестно;Подземный;710;2;706;да;видеонаблюдение, КПП и охрана внутренней территории;4081;;;1257,6;1021,6;1823;;;;;;;;;;;99999;99999;78,6;60,4;97,2;101010;101010;127,7;77,6;197,9;101010;101010;182,3;120,5;311;101010;101010;;;;99999;99999;;;;;;;;;;34;;;16;8;10;;;;1 этаж;101010;Слиго Трейдинг Ко Лимитед (Республика Кипр);(495) 280-00-28;http://www.2800028.ru/;Монолит Капиталстрой;Слиго Трейдинг Ко Лимитед (Республика Кипр)/ МСИФ «БАЗАЛЬТ»;ЛенПолпроект;01.07.2009;№RU77203000-003718;;31.03.2009;4;Ведется;31.03.2012;101010;;1 кв. 2012;1 кв. 2012-3 кв. 2012;101010;101010;помещение для физкультурно-оздоровительных занятий, детская площадка, предприятия торговли, общественного питания и бытового обслуживания повседневного пользования, эксклюзивные объекты;ФЗ-214;101010;101010;416 668р.;519 768р.;577 580р.;;447 029р.;416 668р.;577 580р.;577 571р.;;577 575р.;4;;1;1;1;1;;2;;;;139,8;559;290654544;;;88;39338577;130;53958544;342;197357423;;Таблица 1;ПД, Сайт проекта, продавца;30.11.2012;30.06.2012;в продаже;30.11.2011;;http://www.italkvartal.ru/;http://www.estatet.ru/catalog/italjanskiy_kvartal/descr;;;;;;;;;мусорочная;пролетарская;;;;;;;;;Азбука Жилья;;;;;;Россия
6040;143;4 кв. 2012;144;Итальянский Квартал;Долгоруковская ул., вл. 21/ Фадеева ул., д. 4, корп. И (Неаполь);;ЦАО;Москва;45;77;Тверское;Тверское;г. Москва;г. Москва;;улица;Долгоруковская;101010;И;101010;101010;21;37,601678;55,77479;101010;101010;Комплексное освоение в целях жилищного строительства;2,5;41666;;Монолитные;Кирпич;Индивидуальная;;10;10;Многоэтажный ;Элитный;Нет;;нет;неизвестно;эксклюзив;неизвестно;Подземный;710;2;551;да;видеонаблюдение, КПП и охрана внутренней территории;3183;;113,8;550,2;638,5;2005,3;;;;;;;;56,9;50,6;60,6;101010;101010;78,6;60,4;97,2;101010;101010;127,7;77,6;197,9;101010;101010;182,3;120,5;311;101010;101010;;;;99999;99999;;;;;;;;;;25;;2;7;5;11;;;;1 этаж;101010;Слиго Трейдинг Ко Лимитед (Республика Кипр);(495) 280-00-28;http://www.2800028.ru/;Монолит Капиталстрой;Слиго Трейдинг Ко Лимитед (Республика Кипр)/ МСИФ «БАЗАЛЬТ»;ЛенПолпроект;01.07.2009;№RU77203000-003718;;31.03.2009;4;Ведется;31.03.2012;101010;;1 кв. 2012;1 кв. 2012-3 кв. 2012;101010;101010;помещение для физкультурно-оздоровительных занятий, детская площадка, предприятия торговли, общественного питания и бытового обслуживания повседневного пользования, эксклюзивные объекты;ФЗ-214;101010;101010;401 402р.;493 249р.;577 853р.;424 259р.;;422 133р.;522 477р.;531 829р.;547 273р.;531 460р.;13;4;;3;2;3;1;6;;;;130,7;1700;838325520;235;99700893;;;364;153487579;1101;585137048;;Таблица 1;ПД, Сайт проекта, продавца;30.11.2012;30.06.2012;в продаже;30.11.2011;;http://www.italkvartal.ru/;http://www.estatet.ru/catalog/italjanskiy_kvartal/descr;;;;;;;;;сортировочная;медведково;;;;;;;;;Азбука Жилья;;;;;;Россия
15516;2;4 кв. 2012;2;Никольско-Трубецкое;"г. Балашиха, ЖК ""Никольско-Трубецкое"", мкр. 22А, корп. 1";4;Щелковское;Московская область;46;50;Московская область;Город Балашиха;Балашиха;Балашиха;мкр. 22А;улица;40 лет Победы;101010;101010;1;101010;101010;37.972222;55.838056;50:15:040701:0003;3;комплексное освоение в целях жилищного строительства;29,8;101010;101010;Монолитные;Кирпич;Индивидуальная;99999;22;22;Многоэтажный ;СРЕДНИЙ;Нет;3;нет;99999;БИЗНЕС (ОТДЕЛКА С ИСПОЛЬЗОВАНИЕМ КАЧЕСТВЕННЫХ МАТЕРИАЛОВ;да;НАЗЕМНЫЙ;89;6;101010;нет;КОНСЬЕРЖ;21560;99999;4608;6012;7257,6;2345,4;99999;99999;;99999;99999;99999;99999;51,2;48,8;54,5;101010;101010;83,5;72,2;96,5;101010;101010;100,8;94,3;127,9;101010;101010;130,3;130,3;130,3;101010;101010;;99999;99999;99999;99999;;99999;99999;99999;99999;2345,4;130,3;130,3;130,3;252;99999;90;72;72;18;99999;99999;18;1-2 этаж;101010;Римэка;101010;101010;"ЗАО ""СпецВысотСтрой""";"ООО ""Римэка""";"ЗАО ""Проектная организация СВС-Проект""";01.08.2010;№RU50315000-103;101010;2009, март;4;Ведется;31.12.2012;99999;;4 кв. 2012;перенесли на 2 квартала;101010;101010;"2; 3";фз-214;"20%; от 1 месяца до 10 лет; 14%";Сбербанк;47 000р.;54 440р.;63 485р.;63 126р.;61 569р.;51 225р.;;;;;7;1;2;4;;;;;;;;118;637;34672000;46;2900008;145;8933633;446;22838358;;;да;таблица 1;http://www.arsenal-holding.ru/houses/1/houses_list.php?id=621;28.11.2012;;в продаже;30.11.2011;;;;;;;;;;;;балашиха;новогиреево;;;;;;;;;НДВ;;;;;;Россия
15517;3;4 кв. 2012;3;Никольско-Трубецкое;"г. Балашиха, ЖК ""Никольско-Трубецкое"", мкр. 22А, корп. 2";4;Щелковское;Московская область;46;50;Московская область;Город Балашиха;Балашиха;Балашиха;мкр. 22А;улица;40 лет Победы;101010;101010;2;101010;101010;37.972222;55.838056;50:15:040701:0003;4;комплексное освоение в целях жилищного строительства;29,8;101010;101010;Монолитные;Кирпич;Индивидуальная;99999;21;22;Многоэтажный ;СРЕДНИЙ;Нет;3;нет;99999;БИЗНЕС (ОТДЕЛКА С ИСПОЛЬЗОВАНИЕМ КАЧЕСТВЕННЫХ МАТЕРИАЛОВ;да;НАЗЕМНЫЙ;125;8;101010;нет;КОНСЬЕРЖ;25695,2;99999;11818,8;5781,6;8155;99999;99999;99999;;99999;99999;99999;99999;46,9;40,3;50,5;101010;101010;80,3;72,5;88,1;101010;101010;116,5;112;121;101010;101010;;99999;99999;99999;99999;;99999;99999;99999;99999;;99999;99999;99999;99999;;;;;394;99999;252;72;70;99999;99999;99999;;1-2 этаж;101010;Римэка;101010;101010;"ЗАО ""СпецВысотСтрой""";"ООО ""Римэка""";"ЗАО ""Проектная организация СВС-Проект""";22.12.2009;№RU50315000-270;101010;2009, сентябрь;4;Ведется;31.12.2012;99999;;4 кв. 2012;;101010;101010;"2; 3";фз-214;"20%; от 1 месяца до 10 лет; 14%";Сбербанк;44 336р.;45 645р.;60 000р.;60 000р.;48 781р.;44 336р.;;;;;37;2;9;26;;;;;;;;108;3906;178268077;101;6069600;793;38696016;3011;133502461;;;да;таблица 1;http://www.arsenal-holding.ru/houses/1/houses_list.php?id=621;28.11.2012;;в продаже;30.11.2011;;;;;;;;;;;;балашиха;новогиреево;;;;;;;;;НДВ;;;;;;Россия
15518;4;4 кв. 2012;4;Никольско-Трубецкое;"г. Балашиха, ЖК ""Никольско-Трубецкое"", мкр. 22А, корп. 5";4;Щелковское;Московская область;46;50;Московская область;Город Балашиха;Балашиха;Балашиха;мкр. 22А;улица;40 лет Победы;101010;101010;5;101010;101010;37.972222;55.838056;50:15:040701:0003;2;комплексное освоение в целях жилищного строительства;29,8;101010;101010;Монолитные;Кирпич;Индивидуальная;99999;23;23;Многоэтажный ;СРЕДНИЙ;Нет;3;нет;99999;БИЗНЕС (ОТДЕЛКА С ИСПОЛЬЗОВАНИЕМ КАЧЕСТВЕННЫХ МАТЕРИАЛОВ;да;НАЗЕМНЫЙ;220;4;101010;нет;КОНСЬЕРЖ;11076,6;99999;5388;2624;3660;99999;99999;99999;;99999;99999;99999;99999;44,9;44,6;45,2;101010;101010;65,6;65,6;65,6;101010;101010;91,5;91,5;91,5;101010;101010;;99999;99999;99999;99999;;99999;99999;99999;99999;;99999;99999;99999;99999;;;;;220;99999;120;50;50;99999;99999;99999;;1-2 этаж;101010;Римэка;101010;101010;"ЗАО ""СпецВысотСтрой""";"ООО ""Римэка""";"ЗАО ""Проектная организация СВС-Проект""";01.08.2010;№RU50315000-103;101010;2009, март;4;Ведется;31.12.2012;99999;;4 кв. 2012;перенесли на 2 квартала;101010;101010;"2; 3";фз-214;"20%; от 1 месяца до 10 лет; 14%";Сбербанк;51 447р.;56 967р.;74 833р.;74 833р.;63 461р.;51 736р.;;;;;13;2;4;7;;;;;;;;77;985;56084139;90;6720003;262;16644551;632;32719585;;;да;таблица 1;http://www.arsenal-holding.ru/houses/1/houses_list.php?id=621;28.11.2012;;в продаже;30.11.2011;;;;;;;;;;;;балашиха;новогиреево;;;;;;;;;НДВ;;;;;;Россия
15522;8;4 кв. 2012;8;Сакраменто;"г. Балашиха, мкр. ""Сакраменто"", 18 корпусов (I очередь)";13;Горьковское;Московская область;46;50;Московская область;Город Балашиха;Балашиха;Балашиха;мкр. Сакраменто;шоссе;Горьковское;101010;101010;101010;101010;101010;38.059167;55.808611;50:15:050401:00010;101010;комплексное освоение в целях жилищного строительства;30;101010;101010;Панельные (сборно-железобетонные);Панель;Типовая;ЕВРО-8, ЕВРО-12;2;3;Малоэтажный;ЭКОНОМ-КЛАСС;Да;101010;под ключ;ЭКОНОМ (КЛАССИЧЕСКАЯ ОТДЕЛКА ДЕШЕВЫМИ МАТЕРИАЛАМИ);ЭКОНОМ (БАЗОВАЯ ОТДЕЛКА ДЕШЕВЫМИ МАТЕРИАЛАМИ);да;нет;99999;0;101010;нет;КОНСЬЕРЖ;15592,2;99999;3526,5;12065,7;99999;99999;99999;99999;;99999;99999;99999;99999;35,3;33,1;37,4;101010;101010;54,4;50,7;58;101010;101010;;99999;99999;99999;99999;;99999;99999;99999;99999;;99999;99999;99999;99999;;99999;99999;99999;99999;;;;;322;99999;100;222;99999;99999;99999;99999;;нет;99999;ГК МОРТОН;101010;101010;"ООО ""Мортон-РСО""";"ЗАО ""Мосстройреконструкция""/ ООО ""Жилстройэнерго-М""";;101010;101010;2010, октябрь;сен.10;4;Ведется;31.12.2013;99999;;4 кв. 2013;;101010;101010;"2; 3";фз-214;101010;101010;59 300р.;60 313р.;65 000р.;64 258р.;59 515р.;;;;;;25;6;19;;;;;;;;;;1239;74753238;208;13393375;1031;61359863;;;;;нет;Таблица 3;http://www.sakramento.ru/genplan/;18.12.2012;;в продаже;30.11.2011;;;;;;;;;;;;балашиха;новогиреево;;;;;;;;;МСР;;;;;;Россия
15523;9;4 кв. 2012;9;Сакраменто;"г. Балашиха, мкр. ""Сакраменто"", 96 корпусов (II очередь)";13;Горьковское;Московская область;46;50;Московская область;Город Балашиха;Балашиха;Балашиха;мкр. Сакраменто;шоссе;Горьковское;101010;101010;101010;101010;101010;38.059167;55.808611;50:15:050401:00010;101010;комплексное освоение в целях жилищного строительства;30;101010;101010;Панельные (сборно-железобетонные);Панель;Типовая;ЕВРО-8, ЕВРО-12;2;3;Малоэтажный;ЭКОНОМ-КЛАСС;Да;101010;под ключ;ЭКОНОМ (КЛАССИЧЕСКАЯ ОТДЕЛКА ДЕШЕВЫМИ МАТЕРИАЛАМИ);ЭКОНОМ (БАЗОВАЯ ОТДЕЛКА ДЕШЕВЫМИ МАТЕРИАЛАМИ);да;нет;99999;0;101010;нет;КОНСЬЕРЖ;63427,4;99999;36252,4;27175;99999;99999;99999;99999;;99999;99999;99999;99999;35,3;33,1;37,4;101010;101010;54,4;50,7;58;101010;101010;;99999;99999;99999;99999;;99999;99999;99999;99999;;99999;99999;99999;99999;;99999;99999;99999;99999;;;;;1528;99999;1028;500;99999;99999;99999;99999;;нет;99999;ГК МОРТОН;101010;101010;"ООО ""Мортон-РСО""";"ЗАО ""Мосстройреконструкция""/ ООО ""Жилстройэнерго-М""";;101010;101010;2011, январь;дек.10;4;Ведется;31.12.2013;99999;;4 кв. 2013;;101010;101010;"2; 3";фз-214;101010;101010;58 800р.;61 383р.;67 800р.;64 791р.;60 237р.;;;;;;107;36;71;;;;;;;;;;5174;317608213;1301;84324781;3873;233283432;;;;;нет;Таблица 3;http://www.sakramento.ru/genplan/;18.12.2012;;в продаже;30.11.2011;;;;;;;;;;;;балашиха;новогиреево;;;;;;;;;МСР;;;;;;Россия
15524;10;4 кв. 2012;10;Акварели;"г. Балашиха, мкр. ""Центр"", корп. 2, 3";4;Щелковское;Московская область;46;50;Московская область;Город Балашиха;Балашиха;Балашиха;мкр. Центр;проспект;Ленина;101010;101010;2, 3;101010;101010;37.961389;55.7975;101010;10;комплексное освоение в целях жилищного строительства;10,1;101010;101010;Монолитные;монолит;Индивидуальная;99999;9;17;Многоэтажный ;СРЕДНИЙ;Нет;101010;под ключ;ЭКОНОМ (КЛАССИЧЕСКАЯ ОТДЕЛКА ДЕШЕВЫМИ МАТЕРИАЛАМИ);ЭКОНОМ (БАЗОВАЯ ОТДЕЛКА ДЕШЕВЫМИ МАТЕРИАЛАМИ);да;ПОДЗЕМНЫЙ;101010;32;101010;нет;КОНСЬЕРЖ;67117,4;99999;32112,2;10388,8;24032,8;583,6;99999;99999;;99999;99999;99999;99999;52,3;33,5;71,1;101010;101010;68,8;66,5;71,1;101010;101010;110,8;75;146,5;101010;101010;145,9;145,9;145,9;101010;101010;;99999;99999;99999;99999;;99999;99999;99999;99999;583,6;145,9;145,9;145,9;990;99999;614;151;217;4;99999;99999;4;нет;99999;TEKTA GROUP;101010;101010;ООО ЮНИКАМПАНИ;TEKTA GROUP;;101010;101010;101010;2010, декабрь;4;Ведется;31.12.2012;99999;;4 кв. 2012;;101010;101010;"2; 3; 5";фз-214;"25%; 3 месяца; 0%";Свербанк;59 058р.;68 889р.;88 720р.;85 639р.;69 541р.;65 852р.;59 058р.;;;59 058р.;525;76;247;198;4;;;4;;;;68;38512;2653053419;3014;258134082;16557;1151410792;18385;1210666392;556;32842154;0;звонок;http://www.wcolour.ru/special_programs;29.11.2012;;в продаже;30.11.2011;инсайд прайс;;;;;;;;;;;балашиха;новогиреево;;;;;;;;;Текта;;;;;;Россия
15533;19;4 кв. 2012;19;Балашиха-Парк;г. Балашиха, мкр. 22, корп. 21;4;Щелковское;Московская область;46;50;Московская область;Город Балашиха;Балашиха;Балашиха; мкр. 22;улица;Свердлова;101010;101010;21;101010;101010;37.976667;55.830833;101010;6;комплексное освоение в целях жилищного строительства;101010;101010;101010;Панельные (сборно-железобетонные);Панель;Типовая;И-155;25;25;Многоэтажный ;ЭКОНОМ-КЛАСС;Да;101010;под ключ;ЭКОНОМ (КЛАССИЧЕСКАЯ ОТДЕЛКА ДЕШЕВЫМИ МАТЕРИАЛАМИ);ЭКОНОМ (БАЗОВАЯ ОТДЕЛКА ДЕШЕВЫМИ МАТЕРИАЛАМИ);да;НАЗЕМНЫЙ;101010;12;101010;нет;КОНСЬЕРЖ;29206;99999;4022,4;7812;17371,2;99999;99999;99999;;99999;99999;99999;99999;41,9;41,9;41,9;101010;101010;65,1;65,1;65,1;101010;101010;103,4;103,4;103,4;101010;101010;;99999;99999;99999;99999;;99999;99999;99999;99999;;99999;99999;99999;99999;;;;;384;99999;96;120;168;99999;99999;99999;;1 этаж;101010;ГК СУ-155;101010;101010;СУ-155;ГК СУ-155;;101010;101010;101010;2009, март;6;Завершено;99999;30.06.2010;;2 кв. 2010;;101010;101010;1;ДОГОВОР КУПЛИ-ПРОДАЖИ;101010;101010;50 000р.;53 590р.;54 000р.;;54 000р.;;50 000р.;;;50 000р.;13;;12;;1;;;1;;;;;1383;74121000;;;1242;67041000;;;142;7080000;да;таблица 1;http://www.su155.ru/ru/service/sale/?ul28=L2JhbGFzaGloYV85L2RlZmF1bHQuYXNweD9JRD0xNDQ4;28.11.2012;;в продаже;30.11.2011;;;;;;;;;;;;балашиха;новогиреево;;;;;;;;;ФСК Лидер;;;;;;Россия
15534;20;4 кв. 2012;20;Балашиха-Парк;г. Балашиха, мкр. 22, корп. 22;4;Щелковское;Московская область;46;50;Московская область;Город Балашиха;Балашиха;Балашиха; мкр. 22;улица;Свердлова;101010;101010;22;101010;101010;37.976667;55.830833;101010;6;комплексное освоение в целях жилищного строительства;101010;101010;101010;Панельные (сборно-железобетонные);Панель;Типовая;И-155;25;25;Многоэтажный ;ЭКОНОМ-КЛАСС;Да;101010;под ключ;ЭКОНОМ (КЛАССИЧЕСКАЯ ОТДЕЛКА ДЕШЕВЫМИ МАТЕРИАЛАМИ);ЭКОНОМ (БАЗОВАЯ ОТДЕЛКА ДЕШЕВЫМИ МАТЕРИАЛАМИ);да;НАЗЕМНЫЙ;101010;12;101010;нет;КОНСЬЕРЖ;29206;99999;4022,4;7812;17371,2;99999;99999;99999;;99999;99999;99999;99999;41,9;41,9;41,9;101010;101010;65,1;65,1;65,1;101010;101010;103,4;103,4;103,4;101010;101010;;99999;99999;99999;99999;;99999;99999;99999;99999;;99999;99999;99999;99999;;;;;384;99999;96;120;168;99999;99999;99999;;1 этаж;101010;ГК СУ-155;101010;101010;СУ-155;ГК СУ-155;;101010;101010;101010;2009, март;6;Завершено;99999;30.06.2010;;2 кв. 2010;;101010;101010;1;ДОГОВОР КУПЛИ-ПРОДАЖИ;101010;101010;50 000р.;53 590р.;54 000р.;;54 000р.;;50 000р.;;;50 000р.;13;;12;;1;;;1;;;;103;1383;74121000;;;1242;67041000;;;142;7080000;да;таблица 1;http://www.su155.ru/ru/service/sale/?ul28=L2JhbGFzaGloYV85L2RlZmF1bHQuYXNweD9JRD0xNDQ4;28.11.2012;;в продаже;30.11.2011;;;;;;;;;;;;балашиха;новогиреево;;;;;;;;;ФСК Лидер;;;;;;Россия
15540;26;4 кв. 2012;26;Первомайка;г. Балашиха, мкр. 28, д. 10 (ул. Первомайская, д.14);4;Щелковское;Московская область;46;50;Московская область;Город Балашиха;Балашиха;Балашиха;мкр. 28;улица;Первомайская;14;101010;101010;101010;101010;37.933333;55.790278;101010;2;развитие застроенных территорий;1;101010;0,4;Монолитные;Кирпич;Индивидуальная;99999;16;16;Многоэтажный ;СРЕДНИЙ;Нет;101010;под ключ;ЭКОНОМ (КЛАССИЧЕСКАЯ ОТДЕЛКА ДЕШЕВЫМИ МАТЕРИАЛАМИ);ЭКОНОМ (БАЗОВАЯ ОТДЕЛКА ДЕШЕВЫМИ МАТЕРИАЛАМИ);да;нет;99999;4;575;нет;КОНСЬЕРЖ;9974,4;99999;3171,9;4107,8;2692;99999;99999;99999;;99999;99999;99999;99999;51,2;50,2;52,2;101010;101010;64,2;52,2;76,2;101010;101010;84,1;83;85,3;101010;101010;;99999;99999;99999;99999;;99999;99999;99999;99999;;99999;99999;99999;99999;;;;;158;99999;62;64;32;99999;99999;99999;;нет;99999;ГК ЮИТ;101010;101010;ЗАО ЮИТ-Московия;ГК ЮИТ;ОАО «ЦНИИЭП Жилище»;10.10.2009;№RU50315000-178;101010;2010, июнь;6;Завершено;99999;30.06.2011;;2 кв. 2011;;101010;101010;1;ДОГОВОР КУПЛИ-ПРОДАЖИ;101010;Сбербанк Возрождение, УРАЛСИБ,  ВТБ24;81 299р.;81 299р.;81 299р.;;81 299р.;;;;;;1;;1;;;;;;;;;71;77;6260000;;;77;6260000;;;;;нет;звонок;http://www.yit-dom.ru/main.php?project=46&logo=logo_house;03.12.2012;;в продаже;30.11.2011;последние квартиры, остатки почти точные;;;;;;;;;;;балашиха;новогиреево;;;;;;;;;ХЗ;;;;;;Россия
15541;27;4 кв. 2012;27;Первомайка;г. Балашиха, мкр. 28, д. 9А (ул. Евстафьева, д. 5);4;Щелковское;Московская область;46;50;Московская область;Город Балашиха;Балашиха;Балашиха;мкр. 28;улица;Евстафьева;5;101010;101010;101010;101010;37.933333;55.790278;101010;2;развитие застроенных территорий;1;101010;0,5;Монолитные;Кирпич;Индивидуальная;99999;14;14;Многоэтажный ;СРЕДНИЙ;Нет;101010;нет;99999;ЭКОНОМ (БАЗОВАЯ ОТДЕЛКА ДЕШЕВЫМИ МАТЕРИАЛАМИ);да;нет;99999;4;413;нет;КОНСЬЕРЖ;7934,3;99999;637,7;3704,4;3576,3;99999;99999;99999;;99999;99999;99999;99999;45,6;43,9;47,2;101010;101010;68,6;64,7;72,5;101010;101010;91,7;87,4;96;101010;101010;;99999;99999;99999;99999;;99999;99999;99999;99999;;99999;99999;99999;99999;;;;;107;99999;14;54;39;99999;99999;99999;;нет;99999;ГК ЮИТ;101010;101010;ЗАО ЮИТ-Строй;ГК ЮИТ;ОАО «ЦНИИЭП Жилище»;28.05.2010;№RU50315000-60;101010;2010, июнь;6;Завершено;99999;31.03.2012;;1 кв. 2012;сдали раньше на 1 квартал;29.02.2012;RU50315000-32;1;ДОГОВОР КУПЛИ-ПРОДАЖИ;101010;Сбербанк, ВТБ24, Возрождение, РОСЕВРОБАНК;83 362р.;84 325р.;85 000р.;85 000р.;85 000р.;83 362р.;;;;;6;1;3;2;;;;;;;;79;425;35820250;47;4007750;203;17212500;175;14600000;;;нет;звонок;http://www.yit-dom.ru/main.php?project=51&logo=logo_house;05.12.2012;;в продаже;30.11.2011;последние квартиры, остатки почти точные;;;;;;;;;;;балашиха;новогиреево;;;;;;;;;ХЗ;;;;;;Россия
15564;50;4 кв. 2012;50;Балашиха-сити;г. Балашиха, Энтузиастов ш., мкр. 1, корп. 3 ;1;Горьковское;Московская область;46;50;Московская область;Город Балашиха;Балашиха;Балашиха;101010;шоссе;Энтузиастов;101010;101010;3;101010;101010;37.881389;55.789167;101010;101010;комплексное освоение в целях жилищного строительства;8,5;101010;101010;Монолитные;Монолит;Индивидуальная;99999;9;18;Многоэтажный ;СРЕДНИЙ;Нет;101010;под ключ;ЭКОНОМ (КЛАССИЧЕСКАЯ ОТДЕЛКА ДЕШЕВЫМИ МАТЕРИАЛАМИ);ЭКОНОМ (БАЗОВАЯ ОТДЕЛКА ДЕШЕВЫМИ МАТЕРИАЛАМИ);да;ПОДЗЕМНЫЙ;101010;14;65;нет;КОНСЬЕРЖ;27606,9;99999;11698,3;11537,6;4036,9;468,2;99999;99999;;99999;99999;99999;99999;44,7;36,4;52,9;101010;101010;69,9;51;88,8;101010;101010;91,7;86,5;97;101010;101010;117,1;117,1;117,1;101010;101010;;99999;99999;99999;99999;;99999;99999;99999;99999;;117,1;117,1;117,1;475;99999;262;165;44;4;99999;99999;4;1 этаж;101010;"ФСК ""Лидер""";101010;101010;"ОАО ""Монолитное строительное управление-1""";"ФСК ""Лидер""";"ООО ""Архитектурно-инженерная компания ДПМ""";22.05.2006;№100;101010;2006, июнь;5;Завершено;99999;30.06.2012;;2 кв. 2012;перенесли на 2 квартала;101010;101010;1;ДОГОВОР КУПЛИ-ПРОДАЖИ;101010;101010;83 752р.;91 441р.;95 000р.;;91 441р.;;;;;;5;;5;;;;;;;;;;350;32023600;;;350;32023600;;;;;нет;Таблица 1;http://6602222.ru/;28.11.2012;;в продаже;30.11.2011;;;;;;;;;;;;балашиха;новогиреево;;;;;;;;;ФСК Лидер;;;;;;Россия
1;1;4 кв. 2012;1868;Добрый;г. Владимир, ул. Красноармейсая, корп. 1;180;Горьковское;Владимирская область;33;33;Октябрьский;Октябрьский;;Владимир;;улица;Красноармейска;1;101010;1;101010;101010;40.451695;56.171455;101010;1;комплексное освоение в целях жилищного строительства;80;1032000;101010;Кирпичные;Кирпич;Индивидуальная;99999;10;12;Многоэтажный ;СРЕДНИЙ;Нет;101010;нет;99999;ЭКОНОМ (БАЗОВАЯ ОТДЕЛКА ДЕШЕВЫМИ МАТЕРИАЛАМИ);да;нет;101010;2;101010;нет;КОНСЬЕРЖ;27000;99999;5224,5;15410,5;10771,5;99999;99999;99999;;99999;99999;99999;99999;40,5;36;45;101010;101010;59,5;53;66;101010;101010;83,5;80;87;101010;101010;;99999;99999;99999;99999;;99999;99999;99999;99999;;99999;99999;99999;99999;;;;;100;99999;129;259;129;99999;99999;99999;;1 этаж;101010;ООО «Игротек»;101010;101010;ООО «СПМ-Жилстрой»;Эталон-Инвест;;101010;101010;2011, август;101010;3;Ведется;30.06.2013;99999;;2 кв. 2013;;101010;101010;нет;ИНОЕ;101010;101010;78 823р.;83 287р.;87 321р.;85 818р.;83 389р.;79 613р.;;;;;357;154;151;52;;;;;;;;54;19217;1600536816;5798;497530272;9170;764651728;4250;338354816;;;нет;Шахматка 1;http://igrotek33.ru/houses/18-fatianova;25.11.2012;;в продаже;30.11.2011;Просто самый охуенный дом во Владимире;http://igrotek33.ru/houses/18-fatianova;www.google.ru;;;;;;;;;Владимирская;;;;;;;;;;Игротек;Владис;;;;;Россия
2;2;4 кв. 2012;2805;Патриаршие сады;г. Владимир, ул. Горького, корп. 10;180;Горьковское;Владимирская область;33;33;Октябрьскйи;Октябрьскйи;;Владимир;;улица;Горького;101010;101010;10;101010;101010;40.386121;56.161973;101010;1;развитие застроенных территорий;101010;101010;101010;Кирпичные;Кирпич;Индивидуальная;99999;10;12;Многоэтажный ;СРЕДНИЙ;нет;3;нет;99999;ЭКОНОМ (БАЗОВАЯ ОТДЕЛКА ДЕШЕВЫМИ МАТЕРИАЛАМИ);да;нет;101010;2;101010;101010;101010;6357,5;99999;2890,5;2610;857;99999;99999;99999;;99999;99999;99999;99999;35,3;34,9;35,6;101010;101010;43,5;37,3;49,7;101010;101010;85,7;85,7;85,7;101010;101010;;101010;101010;101010;101010;;101010;101010;101010;101010;;101010;101010;101010;101010;;;;;100;99999;82;60;10;99999;99999;99999;;нет;99999;ООО «Игротек»;101010;101010;101010;"ООО ""Дубрава""";;101010;101010;08.10.2012;;2;Ведется;31.12.2013;99999;;4 кв. 2013;;101010;101010;ДЕТСКИЕ ДОШКОЛЬНЫЕ УЧРЕЖДЕНИЯ, ДЕТСКИЕ ПЛОЩАДКИ;фз-214;101010;101010;43 000р.;46 037р.;48 000р.;46 742р.;45 910р.;43 500р.;;;;;48;30;15;3;;;;;;;5;;2033;93603060;1057;49391860;719;33027350;257;11183850;;;нет;Шахматка 1;http://igrotek33.ru/houses/22-semashko;25.11.2012;;в продаже;25.09.2012;;;;;;;;;;;;Юрьевец;;;;;;;;;;Новый Мир Плюс;Владис;;;;;Россия
3;3;4 кв. 2012;2819;;г. Владимир, пр-т Строителей, корп. 113;180;Горьковское;Владимирская область;33;33;Ленинский;Ленинский;;Владимир;;проспект;Строителей;3;101010;113;101010;101010;40.35814;56.126994;101010;3;развитие застроенных территорий;101010;101010;3,4385;Кирпичные;Кирпич;Индивидуальная;99999;10;12;Многоэтажный ;СРЕДНИЙ;Нет;2,7;нет;99999;ЭКОНОМ (БАЗОВАЯ ОТДЕЛКА ДЕШЕВЫМИ МАТЕРИАЛАМИ);да;нет;101010;2;1950;нет;консьерж;30043,9;99999;15068;8657,2;6318,7;99999;99999;99999;;99999;99999;99999;99999;42,4;40;47,2;101010;101010;61;55,8;64,6;101010;101010;89;87,4;91,6;101010;101010;;99999;99999;99999;99999;;99999;99999;99999;99999;;99999;99999;99999;99999;;;;;140;99999;355;142;71;99999;99999;99999;;стилобат;5754;ООО «Игротек»;101010;101010;ООО «ДСТ Строй»;ООО «РУСИНВЕСТ»;;13.07.2012;RU50302000-604;2012, октябрь;2012, февраль;3;Ведется;30.09.2014;101010;;3 кв. 2014;;101010;101010;нет;фз-214;101010;101010;68 500р.;72599,84485;76 000р.;74 060р.;73 292р.;68 836р.;;;;;483;276;138;69;;;;;;;;;26387;1915724050;11834;876389240;8415;616738100;6139;422596710;;;нет;Шахматка 1;http://igrotek33.ru/houses/21-stavrovskaya;25.11.2012;;в продаже;09.10.2012;;;;;;;;;;;;Ближняя;;;;;;;;;;Новый Мир Плюс;;;;;;Россия
4;4;4 кв. 2012;2820;Владимирский;г. Владимир, ул. Василисина, корп. 13;180;Горьковское;Владимирская область;33;33;Ленинский;Ленинский;;Владимир;;улица;Василисина;101010;а;13;101010;101010;40.355123;56.105717;101010;1;комплексное освоение в целях жилищного строительства;101010;101010;4;Кирпичные;Кирпич;Индивидуальная;99999;5;5;Многоэтажный ;СРЕДНИЙ;Нет;101010;нет;99999;ЭКОНОМ (БАЗОВАЯ ОТДЕЛКА ДЕШЕВЫМИ МАТЕРИАЛАМИ);да;нет;101010;2;нет;нет;консьерж;5611,7;99999;1299,2;1723,1;2207,3;382,08;99999;99999;;99999;99999;99999;99999;46,4;46,4;46,4;44;44;61,5;61,5;61,5;57;57;78,8;76,3;79,3;73;76;191;191,04;191,04;182;182;;99999;99999;99999;99999;;99999;99999;99999;99999;382,08;191,04;191,04;191,04;90;99999;28;28;28;2;99999;99999;2;1 этаж;387;ООО «Игротек»;101010;101010;"ООО ""Спецсервиспоставка""";"ООО ""Недеркал""";"ОО ""ТМА Логвинова""";28.02.2012;RU503001000-18;2012, август;2012, февраль;2;Ведется;31.12.2014;101010;;4 кв. 2014;;101010;101010;нет;фз-214;101010;101010;105 000р.;116035,3791;126 200р.;122 967р.;112 525р.;115 400р.;;;;;9;3;4;2;;;;;;;;;544;63109322;139;17116960;246;27699154;159;18293208;;;нет;Шахматка 1;http://igrotek33.ru/houses/20-tokareva;25.11.2012;;в продаже;10.10.2012;;;;;;;;;;;;Дальняя;;;;;;;;;;Монострой;ООО ЛИК;;;;;Россия
5;5;4 кв. 2012;2832;Добрый;г. Владимир, ул. Красноармейсая, корп. 2;180;Горьковское;Владимирская область;33;33;Октябрьский;Октябрьский;;Владимир;;улица;Красноармейска;2;101010;2;101010;101010;40.343794;56.115548;101010;4;комплексное освоение в целях жилищного строительства;17,5;101010;101010;Кирпичные;Кирпич;Индивидуальная;99999;9;9;Малоэтажный;СРЕДНИЙ;Нет;101010;нет;99999;ЭКОНОМ (БАЗОВАЯ ОТДЕЛКА ДЕШЕВЫМИ МАТЕРИАЛАМИ);да;нет;101010;2;нет;нет;нет;4362,5;99999;1551;2373,5;438;99999;99999;99999;;99999;99999;99999;99999;36,1;35,8;37,7;101010;101010;50,5;50,5;50,5;101010;101010;73;73;73;101010;101010;;99999;99999;99999;99999;;99999;99999;99999;99999;;99999;99999;99999;99999;;;;;90;99999;43;47;6;99999;99999;99999;;нет;99999;ООО «Игротек»;101010;101010;"ООО ""ГД Мастер""";"ООО ""Шатер Девелопмент""";"ООО ""Проспект Вернадского""";30.05.2012;RU50503000-418/12-р/с;2012, сентябрь;2012, октябрь;1;Ведется;31.03.2014;101010;;1 кв. 2014;;101010;101010;нет;фз-214;101010;101010;81 000р.;88261,57801;91 000р.;87 333р.;88 600р.;;;;;;53;18;35;;;;;;;;;;2412;212878100;644;56277600;1768;156600500;;;;;нет;Шахматка 1;http://igrotek33.ru/houses/24-vyatkino;25.11.2012;;в продаже;10.10.2012;Продают черные риэлторы;http://igrotek33.ru/houses/24-vyatkino;www.yandex.ru;;;;;;;;;Владимирская;;;;;;;;;;Игротек;;;;;;Россия
1787;1868;4 кв. 2012;1787;Байтерек;г. Астана, мкр. Батырхана, ул. Мажелисская, корп. 12;;Казахское;Астанинский каганат;99;50;Балтийский;Астана;Астана;Астана;кукиши;улица;Батырхана;101010;101010;12;101010;101010;37.275833;55.835;101010;4;комплексное освоение в целях жилищного строительства;80;1032000;101010;Монолитные;Кирпич;Индивидуальная;99999;23;25;Многоэтажный ;СРЕДНИЙ;Нет;101010;нет;99999;ЭКОНОМ (БАЗОВАЯ ОТДЕЛКА ДЕШЕВЫМИ МАТЕРИАЛАМИ);да;нет;99999;8;101010;нет;КОНСЬЕРЖ;27000;99999;5224,5;15410,5;10771,5;99999;99999;99999;;99999;99999;99999;99999;40,5;36;45;101010;101010;59,5;53;66;101010;101010;83,5;80;87;101010;101010;;99999;99999;99999;99999;;99999;99999;99999;99999;;99999;99999;99999;99999;;;;;518;99999;129;259;129;99999;99999;99999;;1 этаж;101010;ООО «СПМ-Жилстрой»;101010;101010;ООО «СПМ-Жилстрой»;Эталон-Инвест;;101010;101010;2011, август;101010;3;Ведется;30.06.2013;99999;;2 кв. 2013;;101010;101010;нет;ИНОЕ;101010;101010;78 823р.;83 287р.;87 321р.;85 818р.;83 389р.;79 613р.;;;;;357;154;151;52;;;;;;;;54;19217;1600536816;5798;497530272;9170;764651728;4250;338354816;;;нет;Шахматка 1;http://izumrudnie-holmi.ru/;10.10.2012;;в продаже;30.11.2011;;http://www.zvk.su/;;;;;;;;;;Астана;Казахская;;;;;;;;;ЗАО Алтын;;;;;;Казахстан
2709;2805;4 кв. 2012;2709;19 Магистраль;г. Алматы., Пеевко ул., корп. 3;;Казахское;Алматинская область;88;50;Малдагобский;Алматы;Алматы;Алматы;101010;улица;Пеевко;101010;101010;3;101010;101010;37.846798;55.987667;101010;1;развитие застроенных территорий;101010;101010;101010;Монолитные;Кирпич;Индивидуальная;99999;16;16;Многоэтажный ;СРЕДНИЙ;нет;3;нет;99999;ЭКОНОМ (БАЗОВАЯ ОТДЕЛКА ДЕШЕВЫМИ МАТЕРИАЛАМИ);да;НАЗЕМНЫЙ;101010;2;101010;101010;101010;6357,5;99999;2890,5;2610;857;99999;99999;99999;;99999;99999;99999;99999;35,3;34,9;35,6;101010;101010;43,5;37,3;49,7;101010;101010;85,7;85,7;85,7;101010;101010;;101010;101010;101010;101010;;101010;101010;101010;101010;;101010;101010;101010;101010;;;;;152;99999;82;60;10;99999;99999;99999;;нет;99999;"ООО ""Дубрава""";101010;101010;101010;"ООО ""Дубрава""";;101010;101010;08.10.2012;;2;Ведется;31.12.2013;99999;;4 кв. 2013;;101010;101010;ДЕТСКИЕ ДОШКОЛЬНЫЕ УЧРЕЖДЕНИЯ, ДЕТСКИЕ ПЛОЩАДКИ;фз-214;101010;101010;43 000р.;46 037р.;48 000р.;46 742р.;45 910р.;43 500р.;;;;;48;30;15;3;;;;;;;5;;2033;93603060;1057;49391860;719;33027350;257;11183850;;;;Таблица 1;http://www.azbuka-novostr.ru/homes.php?ID=63174;02.10.2012;;в продаже;25.09.2012;есть цены, но продажи не открыты;http://www.zhuk.ru/;;;;;;;;;;Алматы;Степная;;;;;;;;;Золотой Тэнге;;;;;;Казахстан
2723;2819;4 кв. 2012;2723;Арайлым;г. Астана, ул. Пионерская, корп. 1;;Казахское;Астанинский каганат;99;50;Бескайский;Астана;Астана;Астана;печенегское;улица;Пионерская;3;101010;101010;101010;101010;37.804836;55.917127;101010;3;развитие застроенных территорий;101010;101010;3,4385;Монолитные;Кирпич;Индивидуальная;99999;25;25;Многоэтажный ;СРЕДНИЙ;Нет;2,7;нет;99999;ЭКОНОМ (БАЗОВАЯ ОТДЕЛКА ДЕШЕВЫМИ МАТЕРИАЛАМИ);да;ПОДЗЕМНЫЙ;200;9;1950;нет;консьерж;30043,9;99999;15068;8657,2;6318,7;99999;99999;99999;;99999;99999;99999;99999;42,4;40;47,2;101010;101010;61;55,8;64,6;101010;101010;89;87,4;91,6;101010;101010;;99999;99999;99999;99999;;99999;99999;99999;99999;;99999;99999;99999;99999;;;;;568;99999;355;142;71;99999;99999;99999;;стилобат;5754;ООО «РУСИНВЕСТ»;101010;101010;ООО «ДСТ Строй»;ООО «РУСИНВЕСТ»;;13.07.2012;RU50302000-604;2012, октябрь;2012, февраль;3;Ведется;30.09.2014;101010;;3 кв. 2014;;101010;101010;нет;фз-214;101010;101010;68 500р.;72599,84485;76 000р.;74 060р.;73 292р.;68 836р.;;;;;483;276;138;69;;;;;;;;;26387;1915724050;11834;876389240;8415;616738100;6139;422596710;;;есть;Таблица 2;http://www.zvk.su/k1/;09.10.2012;;в продаже;09.10.2012;;www.zhmix.ru;;;;;;;;;;Астана;Пустынная;;;;;;;;;Назарбаев Лимитед;;;;;;Казахстан
